repo,total_classes,cbo_mean,cbo_median,cbo_std,cbo_min,cbo_max,cbo_q1,cbo_q3,dit_mean,dit_median,dit_std,dit_min,dit_max,dit_q1,dit_q3,lcom_mean,lcom_median,lcom_std,lcom_min,lcom_max,lcom_q1,lcom_q3
krahets/hello-algo,215,1.874,2.0,1.513,0,11,1.0,2.5,1.0,1.0,0.0,1,1,1.0,1.0,4.707,1.0,10.458,0,66,0.0,3.0
GrowingGit/GitHub-Chinese-Top-Charts,1,0.0,0.0,,0,0,0.0,0.0,1.0,1.0,,1,1,1.0,1.0,0.0,0.0,,0,0,0.0,0.0
iluwatar/java-design-patterns,1894,3.363,3.0,2.598,0,22,2.0,5.0,1.197,1.0,0.526,1,6,1.0,1.0,1.841,0.0,6.473,0,153,0.0,1.0
macrozheng/mall,760,3.934,3.0,4.967,0,45,1.0,4.0,1.239,1.0,0.439,1,4,1.0,1.0,1110.804,13.0,8155.555,0,161554,0.0,55.0
doocs/advanced-java,1,0.0,0.0,,0,0,0.0,0.0,1.0,1.0,,1,1,1.0,1.0,0.0,0.0,,0,0,0.0,0.0
MisterBooo/LeetCodeAnimation,4,1.0,1.0,0.0,1,1,1.0,1.0,1.0,1.0,0.0,1,1,1.0,1.0,0.0,0.0,0.0,0,0,0.0,0.0
Stirling-Tools/Stirling-PDF,585,8.209,5.0,8.042,0,59,3.0,11.0,1.232,1.0,0.559,1,6,1.0,1.0,16.725,0.0,73.079,0,825,0.0,3.0
kdn251/interviews,257,1.195,1.0,1.254,0,7,0.0,2.0,1.004,1.0,0.062,1,2,1.0,1.0,0.292,0.0,0.929,0,10,0.0,0.0
TheAlgorithms/Java,1505,2.062,2.0,1.457,0,14,1.0,3.0,1.044,1.0,0.279,1,7,1.0,1.0,7.966,1.0,27.335,0,780,0.0,6.0
google/guava,6432,4.04,2.0,5.648,0,82,0.0,6.0,1.801,1.0,2.254,1,66,1.0,2.0,48.068,0.0,448.304,0,18721,0.0,3.0
ReactiveX/RxJava,11867,2.525,1.0,5.254,0,237,0.0,3.0,1.319,1.0,0.886,1,26,1.0,1.0,47.463,0.0,1802.905,0,143916,0.0,0.0
skylot/jadx,2883,4.458,3.0,6.706,0,95,1.0,5.0,1.667,1.0,1.261,1,21,1.0,2.0,32.218,0.0,328.918,0,10480,0.0,3.0
termux/termux-app,321,5.913,4.0,7.187,0,61,1.0,8.0,1.43,1.0,0.704,1,6,1.0,2.0,60.826,0.0,236.371,0,2045,0.0,13.0
PhilJay/MPAndroidChart,306,8.843,5.0,10.007,0,45,1.0,14.0,1.98,1.0,1.231,1,6,1.0,3.0,91.033,1.0,517.797,0,6254,0.0,15.0
halo-dev/halo,1591,7.53,5.0,7.341,0,57,2.0,11.0,1.261,1.0,0.614,1,8,1.0,1.0,6.815,0.0,28.274,0,561,0.0,3.0
geekxh/hello-algorithm,3,1.0,1.0,1.0,0,2,0.5,1.5,1.0,1.0,0.0,1,1,1.0,1.0,0.0,0.0,0.0,0,0,0.0,0.0
airbnb/lottie-android,293,6.898,5.0,8.313,0,67,2.0,9.0,1.287,1.0,0.646,1,6,1.0,1.0,33.413,0.0,283.155,0,4618,0.0,6.0
TeamNewPipe/NewPipe,586,8.295,5.0,10.321,0,91,2.0,10.0,1.645,1.0,1.096,1,11,1.0,2.0,43.297,1.0,237.06,0,4194,0.0,11.0
doocs/leetcode,165,2.612,2.0,1.952,0,10,1.0,4.0,1.006,1.0,0.078,1,2,1.0,1.0,0.376,0.0,0.886,0,7,0.0,0.0
netty/netty,7915,4.422,3.0,5.774,0,78,1.0,5.0,1.51,1.0,1.18,1,26,1.0,2.0,67.028,0.0,1137.179,0,88833,0.0,3.0
xkcoding/spring-boot-demo,482,5.052,4.0,4.002,0,19,2.0,7.0,1.131,1.0,0.488,1,5,1.0,1.0,2.322,0.0,9.815,0,106,0.0,0.0
Blankj/AndroidUtilCode,670,4.169,2.0,5.562,0,63,1.0,5.75,1.364,1.0,0.836,1,10,1.0,1.0,144.954,0.0,960.505,0,18418,0.0,8.0
alibaba/easyexcel,560,6.632,5.0,6.093,0,50,3.0,8.0,1.375,1.0,0.834,1,8,1.0,1.0,32.025,1.0,355.668,0,8040,0.0,6.0
zxing/zxing,595,4.985,4.0,4.81,0,52,2.0,7.0,1.662,2.0,0.773,1,6,1.0,2.0,22.968,1.0,130.859,0,2701,0.0,8.0
SeleniumHQ/selenium,1869,5.961,4.0,7.242,0,81,1.0,8.0,1.382,1.0,1.066,1,28,1.0,2.0,32.739,1.0,290.595,0,10731,0.0,6.0
alibaba/nacos,4014,5.709,3.0,6.741,0,62,1.0,8.0,1.289,1.0,0.7,1,14,1.0,1.0,23.129,0.0,312.611,0,18145,0.0,6.0
apache/kafka,8477,7.797,4.0,13.443,0,446,2.0,9.0,1.436,1.0,1.099,1,17,1.0,1.0,63.094,0.0,1084.565,0,70125,0.0,6.0
ityouknow/spring-boot-examples,307,4.726,4.0,3.104,0,19,2.0,7.0,1.026,1.0,0.16,1,2,1.0,1.0,5.033,0.0,16.349,0,135,0.0,1.0
chinabugotech/hutool,2656,3.526,3.0,3.844,0,49,1.0,4.0,1.283,1.0,0.755,1,11,1.0,1.0,102.204,0.0,959.974,0,26841,0.0,10.0
apolloconfig/apollo,737,7.267,6.0,6.792,0,35,2.0,11.0,1.265,1.0,0.705,1,14,1.0,1.0,14.985,0.0,56.812,0,901,0.0,6.0
alibaba/canal,1049,5.814,4.0,6.452,0,56,1.0,8.0,1.38,1.0,0.823,1,13,1.0,2.0,77.357,1.0,467.413,0,13643,0.0,15.0
xuxueli/xxl-job,171,4.778,3.0,5.258,0,26,1.0,6.0,1.129,1.0,0.385,1,4,1.0,1.0,20.427,0.0,97.42,0,1080,0.0,4.0
conductor-oss/conductor,837,7.787,6.0,8.452,0,104,2.0,11.0,1.271,1.0,0.546,1,4,1.0,1.0,91.492,0.0,620.146,0,14533,0.0,6.0
wuyouzhuguli/SpringAll,378,5.243,4.0,4.277,0,22,2.0,8.0,1.111,1.0,0.369,1,4,1.0,1.0,3.749,0.0,11.858,0,135,0.0,3.0
alibaba/druid,5839,5.09,4.0,12.954,0,429,2.0,5.0,1.942,2.0,0.835,1,32,2.0,2.0,230.302,0.0,5179.159,0,314028,0.0,3.0
lenve/vhr,94,4.436,2.0,5.843,0,31,1.0,6.0,1.021,1.0,0.145,1,2,1.0,1.0,48.33,6.0,225.795,0,2142,0.0,21.0
DrKLO/Telegram,13383,6.837,4.0,13.411,0,490,2.0,7.0,1.659,1.0,16.627,1,1916,1.0,2.0,65.094,0.0,1195.562,0,93932,0.0,3.0
crossoverJie/JCSprout,162,1.963,1.0,1.858,0,9,1.0,3.0,1.093,1.0,0.366,1,4,1.0,1.0,1.765,0.0,6.358,0,45,0.0,0.0
qiurunze123/miaosha,286,4.147,3.0,4.54,0,26,1.0,5.75,1.126,1.0,0.391,1,4,1.0,1.0,14.301,0.0,85.544,0,1134,0.0,3.0
ashishps1/awesome-system-design-resources,11,0.818,1.0,0.603,0,2,0.5,1.0,1.0,1.0,0.0,1,1,1.0,1.0,0.0,0.0,0.0,0,0,0.0,0.0
alibaba/fastjson,6327,1.852,1.0,2.779,0,71,0.0,3.0,1.504,1.0,0.713,1,15,1.0,2.0,126.121,0.0,3281.966,0,179100,0.0,1.0
JakeWharton/butterknife,272,3.96,2.0,6.414,0,69,1.0,5.0,1.235,1.0,0.711,1,6,1.0,1.0,10.482,0.0,75.806,0,958,0.0,0.0
scwang90/SmartRefreshLayout,341,6.651,3.0,7.591,0,56,1.0,10.0,1.507,1.0,0.849,1,5,1.0,2.0,30.32,0.0,295.047,0,4611,0.0,1.0
proxyee-down-org/proxyee-down,60,5.517,4.0,6.223,0,34,1.0,6.25,1.467,1.0,0.929,1,5,1.0,2.0,19.517,2.0,49.729,0,315,0.0,10.0
greenrobot/EventBus,183,3.426,3.0,3.066,0,20,1.0,4.0,1.836,1.0,1.424,1,12,1.0,2.0,9.055,0.0,35.082,0,357,0.0,3.0
bazelbuild/bazel,10653,7.538,5.0,10.361,0,336,2.0,9.0,1.622,1.0,1.335,1,46,1.0,2.0,67.987,1.0,953.937,0,58996,0.0,6.0
yuliskov/SmartTube,3210,6.653,4.0,8.045,0,79,2.0,8.0,1.554,1.0,1.472,1,49,1.0,2.0,65.958,1.0,452.967,0,12128,0.0,10.0
jenkinsci/jenkins,4107,6.24,4.0,8.49,0,234,2.0,8.0,1.897,2.0,1.769,1,59,1.0,2.0,46.242,0.0,915.728,0,52437,0.0,4.0
Netflix/Hystrix,2005,3.341,2.0,5.188,0,79,1.0,4.0,1.57,1.0,3.592,1,114,1.0,1.0,20.254,0.0,385.241,0,14194,0.0,1.0
google/gson,1076,3.024,2.0,4.464,0,44,0.0,4.0,1.282,1.0,1.024,1,24,1.0,1.0,20.599,0.0,378.735,0,12246,0.0,1.0
redisson/redisson,2853,5.957,3.0,10.733,0,204,1.0,7.0,1.342,1.0,0.762,1,7,1.0,1.0,180.413,0.0,1619.024,0,48510,0.0,10.0
doocs/source-code-hunter,1,0.0,0.0,,0,0,0.0,0.0,1.0,1.0,,1,1,1.0,1.0,0.0,0.0,,0,0,0.0,0.0
apache/rocketmq,2860,6.882,3.5,10.484,0,197,1.0,9.0,1.331,1.0,0.753,1,11,1.0,1.0,122.056,1.0,2334.95,0,87982,0.0,8.0
dataease/dataease,1099,4.947,3.0,7.348,0,86,1.0,5.0,1.207,1.0,0.682,1,6,1.0,1.0,27.771,0.0,184.248,0,3652,0.0,1.0
google/ExoPlayer,3281,7.588,5.0,8.948,0,127,2.0,10.0,1.295,1.0,1.016,1,31,1.0,1.0,52.22,0.0,493.139,0,16110,0.0,6.0
elunez/eladmin,282,8.014,5.0,7.683,0,37,3.0,12.0,1.163,1.0,0.448,1,4,1.0,1.0,6.202,0.0,19.224,0,177,0.0,1.0
LSPosed/LSPosed,427,5.522,3.0,7.247,0,46,1.0,7.0,1.646,1.0,1.287,1,16,1.0,2.0,48.115,0.0,319.849,0,4250,0.0,3.0
kestra-io/kestra,1918,8.213,6.0,8.779,0,112,3.0,11.0,1.452,1.0,0.788,1,9,1.0,2.0,15.01,0.0,91.265,0,2617,0.0,1.0
CarGuo/GSYVideoPlayer,636,5.486,2.0,6.823,0,56,1.0,7.0,1.575,1.0,1.518,1,10,1.0,2.0,55.355,0.0,309.228,0,4426,0.0,6.0
brettwooldridge/HikariCP,185,4.384,3.0,4.196,0,28,1.0,7.0,1.286,1.0,0.659,1,5,1.0,1.0,172.67,0.0,1408.661,0,18141,0.0,10.0
kunal-kushwaha/DSA-Bootcamp-Java,253,1.269,1.0,1.24,0,8,0.0,2.0,1.083,1.0,0.341,1,3,1.0,1.0,3.502,1.0,11.011,0,100,0.0,3.0
didi/DoKit,1569,4.506,2.0,5.759,0,71,1.0,6.0,1.321,1.0,0.837,1,18,1.0,1.0,71.767,0.0,634.399,0,18418,0.0,6.0
mybatis/mybatis-3,1744,3.539,2.0,4.942,0,76,1.0,5.0,1.24,1.0,0.782,1,17,1.0,1.0,20.952,0.0,249.291,0,9831,0.0,6.0
ReactiveX/RxAndroid,55,2.273,1.0,3.788,0,18,0.0,2.0,1.127,1.0,0.433,1,3,1.0,1.0,3.091,0.0,11.234,0,66,0.0,0.0
linlinjava/litemall,617,4.618,3.0,5.85,0,50,1.0,6.0,1.126,1.0,0.333,1,2,1.0,1.0,1532.885,1.0,9402.6,0,170778,0.0,49.0
xiaojieonly/Ehviewer_CN_SXJ,910,6.877,4.0,9.82,0,116,2.0,8.0,1.716,1.0,1.241,1,15,1.0,2.0,68.422,1.0,655.39,0,18479,0.0,12.0
dianping/cat,1892,5.527,4.0,6.049,0,54,1.0,8.0,1.434,1.0,0.708,1,10,1.0,2.0,23.036,1.0,104.206,0,2018,0.0,8.25
Baseflow/PhotoView,45,4.733,3.0,5.545,0,30,2.0,5.0,1.356,1.0,0.57,1,3,1.0,2.0,24.6,0.0,157.259,0,1056,0.0,1.0
antlr/antlr4,662,5.773,3.0,7.226,0,54,2.0,7.0,1.835,1.0,1.166,1,9,1.0,2.0,48.302,0.0,192.863,0,2942,0.0,10.0
williamfiset/Algorithms,463,2.611,2.0,1.791,0,12,1.0,4.0,1.054,1.0,0.226,1,2,1.0,1.0,16.197,3.0,38.507,0,294,0.0,14.5
Tencent/APIJSON,70,5.886,3.0,8.672,0,44,1.0,6.75,1.243,1.0,0.669,1,4,1.0,1.0,1165.571,6.0,5422.454,0,42660,0.0,179.75
dromara/Sa-Token,748,4.507,3.0,4.382,0,34,2.0,6.0,1.223,1.0,0.779,1,6,1.0,1.0,61.146,1.0,701.529,0,18559,0.0,6.0
ashishps1/awesome-low-level-design,792,2.629,2.0,2.549,0,17,1.0,4.0,1.139,1.0,0.434,1,4,1.0,1.0,3.052,0.0,11.121,0,180,0.0,1.0
LMAX-Exchange/disruptor,410,4.48,3.0,4.822,0,32,2.0,6.0,1.29,1.0,0.81,1,8,1.0,1.0,25.883,0.0,224.699,0,2628,0.0,2.0
forezp/SpringCloudLearning,143,4.552,4.0,2.367,0,15,3.0,5.0,1.049,1.0,0.217,1,2,1.0,1.0,0.545,0.0,1.86,0,13,0.0,0.0
Tencent/tinker,520,4.794,3.0,7.117,0,96,1.0,7.0,1.604,1.0,2.506,1,53,1.0,2.0,28.471,0.0,110.992,0,1270,0.0,13.0
openzipkin/zipkin,820,6.449,5.0,5.372,0,36,3.0,9.0,1.555,1.0,1.534,1,23,1.0,1.25,19.377,1.0,73.779,0,985,0.0,6.0
infinilabs/analysis-ik,38,4.816,4.0,3.593,0,14,2.0,8.0,1.368,1.0,0.489,1,2,1.0,2.0,15.421,2.5,28.359,0,140,0.0,13.75
justauth/JustAuth,198,5.51,2.0,6.032,0,21,1.0,9.0,1.343,1.0,0.582,1,4,1.0,2.0,12.985,6.0,19.532,0,153,0.0,15.0
facebook/fresco,1055,6.646,5.0,6.851,0,64,2.0,9.0,1.418,1.0,0.893,1,14,1.0,2.0,28.742,0.0,128.779,0,1706,0.0,6.0
ben-manes/caffeine,1336,4.915,3.0,6.731,0,85,1.0,6.0,1.588,1.0,1.43,1,22,1.0,2.0,163.169,0.0,1724.581,0,42778,0.0,3.0
material-components/material-components-android,2061,7.131,4.0,8.313,0,86,2.0,9.0,1.538,1.0,0.982,1,11,1.0,2.0,92.02,1.0,944.557,0,27604,0.0,4.0
nostra13/Android-Universal-Image-Loader,140,4.864,3.0,4.877,0,28,2.0,7.0,1.586,1.0,0.96,1,6,1.0,2.0,28.843,0.5,99.819,0,708,0.0,9.0
alibaba/DataX,1222,4.502,3.0,5.766,0,56,0.0,6.0,1.715,1.0,1.513,1,8,1.0,2.0,22.649,0.0,185.316,0,4948,0.0,4.0
winterbe/java8-tutorial,88,1.034,1.0,1.044,0,5,0.0,1.25,1.0,1.0,0.0,1,1,1.0,1.0,3.909,0.0,9.328,0,45,0.0,1.5
shuzheng/zheng,509,4.53,3.0,5.718,0,40,1.0,5.0,1.409,1.0,0.492,1,2,1.0,2.0,340.857,0.0,1786.343,0,24711,0.0,22.0
heibaiying/BigData-Notes,77,5.714,5.0,3.513,0,16,3.0,7.0,1.221,1.0,0.417,1,2,1.0,1.0,0.818,0.0,1.862,0,10,0.0,1.0
JeffLi1993/springboot-learning-example,114,4.614,3.5,3.868,0,19,2.0,7.0,1.044,1.0,0.245,1,3,1.0,1.0,2.851,0.0,6.033,0,24,0.0,1.0
gyoogle/tech-interview-for-developer,13,1.308,1.0,0.751,0,2,1.0,2.0,1.0,1.0,0.0,1,1,1.0,1.0,0.923,0.0,3.04,0,11,0.0,0.0
android-hacker/VirtualXposed,1453,3.947,2.0,5.326,0,61,1.0,5.0,2.793,2.0,11.859,1,303,1.0,3.0,14.696,0.0,128.638,0,2899,0.0,1.0
dyc87112/SpringBoot-Learning,269,4.454,4.0,2.984,0,16,2.0,6.0,1.026,1.0,0.181,1,3,1.0,1.0,1.454,0.0,7.194,0,104,0.0,0.0
android10/Android-CleanArchitecture,105,5.143,4.0,4.671,0,22,1.0,8.0,1.429,1.0,0.705,1,3,1.0,2.0,6.724,1.0,23.218,0,176,0.0,3.0
mockito/mockito,2104,3.478,2.0,4.532,0,57,1.0,5.0,1.4,1.0,1.083,1,19,1.0,1.0,18.293,0.0,277.088,0,8256,0.0,1.0
Konloch/bytecode-viewer,414,4.737,3.0,6.32,0,68,1.0,7.0,2.053,1.0,1.839,1,10,1.0,2.0,13.688,0.0,59.061,0,527,0.0,3.0
apache/pulsar,7405,6.876,4.0,10.078,0,173,2.0,8.0,1.707,1.0,3.74,1,163,1.0,2.0,85.354,0.0,1391.575,0,59685,0.0,6.0
java-decompiler/jd-gui,407,4.538,3.0,5.431,0,56,1.0,6.0,2.418,1.0,2.339,1,15,1.0,3.0,11.115,1.0,51.073,0,645,0.0,3.0
elastic/logstash,862,5.408,4.0,5.905,0,74,2.0,7.0,1.645,1.0,2.194,1,52,1.0,2.0,21.107,1.0,101.327,0,1594,0.0,8.0
hdodenhof/CircleImageView,3,11.0,5.0,13.077,2,26,3.5,15.5,2.333,2.0,0.577,2,3,2.0,2.5,178.667,0.0,309.46,0,536,0.0,268.0
supertokens/supertokens-core,974,10.999,10.0,10.987,0,156,3.0,16.0,1.597,1.0,1.092,1,17,1.0,2.0,71.144,3.0,1151.286,0,35752,0.0,15.0
Tencent/QMUI_Android,1066,5.468,3.0,6.564,0,54,1.0,7.0,1.629,1.0,1.34,1,16,1.0,2.0,35.342,0.0,197.899,0,2968,0.0,3.0
alibaba/ARouter,98,3.694,2.0,4.91,0,30,1.0,4.0,1.408,1.0,0.784,1,4,1.0,2.0,17.449,0.0,83.333,0,765,0.0,3.0
arduino/Arduino,450,4.131,2.0,6.052,0,70,1.0,5.0,1.769,1.0,1.923,1,21,1.0,1.0,32.722,0.0,208.261,0,3523,0.0,6.0
theonedev/onedev,8208,5.838,4.0,8.858,0,377,2.0,7.0,1.411,1.0,0.839,1,8,1.0,2.0,26.063,0.0,493.852,0,24974,0.0,3.0
zaproxy/zaproxy,2523,4.742,3.0,5.992,0,58,1.0,6.0,1.911,1.0,1.81,1,32,1.0,2.0,69.652,1.0,347.731,0,6345,0.0,15.0
Netflix/zuul,501,6.509,4.0,7.667,0,63,2.0,8.0,1.613,1.0,1.001,1,10,1.0,2.0,24.89,1.0,137.109,0,1698,0.0,6.0
orhanobut/logger,18,5.833,6.0,3.053,0,11,4.0,7.75,1.167,1.0,0.383,1,2,1.0,1.0,14.944,0.0,35.587,0,128,0.0,7.0
seaswalker/spring-analysis,33,2.424,2.0,2.646,0,14,1.0,3.0,1.242,1.0,0.751,1,4,1.0,1.0,1.788,0.0,3.189,0,10,0.0,1.0
DuGuQiuBai/Java,619,0.772,0.0,1.313,0,15,0.0,1.0,1.178,1.0,0.736,1,6,1.0,1.0,1.079,0.0,5.194,0,99,0.0,0.0
sqshq/piggymetrics,99,6.04,5.0,4.342,0,17,3.0,8.0,1.061,1.0,0.24,1,2,1.0,1.0,3.828,0.0,10.079,0,54,0.0,1.0
JessYanCoding/AndroidAutoSize,49,5.408,4.0,4.237,0,20,2.0,8.0,1.408,1.0,0.497,1,2,1.0,2.0,31.286,1.0,136.3,0,937,0.0,6.0
Curzibn/Luban,29,2.966,1.0,4.814,0,22,0.0,4.0,1.172,1.0,0.384,1,2,1.0,1.0,10.862,1.0,24.928,0,104,0.0,3.0
lgvalle/Material-Animations,45,4.4,2.0,4.059,1,20,2.0,7.0,1.467,1.0,0.757,1,3,1.0,2.0,4.756,0.0,16.108,0,107,0.0,6.0
cryptomator/cryptomator,443,8.316,6.0,7.773,0,39,3.0,11.0,1.429,1.0,0.98,1,6,1.0,1.0,18.512,1.0,64.034,0,671,0.0,6.0
janishar/mit-deep-learning-book-pdf,1,0.0,0.0,,0,0,0.0,0.0,1.0,1.0,,1,1,1.0,1.0,0.0,0.0,,0,0,0.0,0.0
tink-crypto/tink,1465,7.666,5.0,7.43,0,75,3.0,10.0,1.289,1.0,1.242,1,41,1.0,1.0,30.076,1.0,184.046,0,5123,0.0,11.0
LuckSiege/PictureSelector,737,5.156,2.0,8.658,0,108,1.0,5.0,1.237,1.0,0.669,1,9,1.0,1.0,49.449,0.0,372.186,0,6720,0.0,3.0
Bigkoo/Android-PickerView,91,3.725,2.0,5.058,0,26,1.0,3.0,1.154,1.0,0.363,1,2,1.0,1.0,15.495,0.0,90.564,0,837,0.0,0.0
macrozheng/mall-learning,249,4.972,3.0,4.524,0,21,2.0,7.0,1.104,1.0,0.306,1,2,1.0,1.0,229.51,0.0,1250.418,0,9549,0.0,13.0
ashishps1/awesome-leetcode-resources,11,1.182,1.0,0.405,1,2,1.0,1.0,1.0,1.0,0.0,1,1,1.0,1.0,4.727,0.0,8.259,0,21,0.0,4.5
youth5201314/banner,73,6.082,5.0,6.157,0,43,3.0,7.0,1.836,2.0,0.687,1,4,1.0,2.0,47.685,1.0,350.899,0,2994,0.0,3.0
pxb1988/dex2jar,571,5.429,3.0,6.851,0,51,1.0,7.0,1.571,1.0,0.982,1,12,1.0,2.0,21.133,0.0,136.514,0,2556,0.0,3.0
Netflix/conductor,664,7.498,5.0,8.25,0,83,1.0,11.0,1.255,1.0,0.563,1,4,1.0,1.0,78.675,0.0,646.673,0,14533,0.0,6.0
facebook/stetho,588,4.379,3.0,5.372,0,45,1.0,5.0,1.423,1.0,1.249,1,21,1.0,1.0,7.497,0.0,31.248,0,465,0.0,3.0
codecentric/spring-boot-admin,464,7.763,6.0,6.268,0,51,3.0,12.0,1.256,1.0,0.592,1,5,1.0,1.0,7.213,0.0,27.794,0,306,0.0,1.0
google/guice,3880,3.803,2.5,5.413,0,71,1.0,4.0,1.304,1.0,1.251,1,43,1.0,1.0,8.454,0.0,77.778,0,2888,0.0,0.0
alibaba/COLA,559,4.329,3.0,4.515,0,35,1.0,6.0,1.327,1.0,0.715,1,5,1.0,1.0,4.975,0.0,18.32,0,231,0.0,3.0
greenrobot/greenDAO,364,5.019,4.0,4.693,0,41,2.0,7.0,2.102,1.0,1.716,1,8,1.0,2.0,47.453,1.0,241.283,0,3581,0.0,15.0
Netflix/eureka,742,5.884,4.0,6.439,0,61,1.0,8.0,1.271,1.0,0.705,1,9,1.0,1.0,18.573,0.0,134.516,0,2926,0.0,3.0
macrozheng/mall-swarm,764,3.788,3.0,4.73,0,45,1.0,3.25,1.232,1.0,0.434,1,4,1.0,1.0,1106.229,13.0,8134.411,0,161554,0.0,55.0
apache/zookeeper,1753,5.671,3.0,7.094,0,85,1.0,8.0,2.005,1.0,3.006,1,96,1.0,2.0,36.876,0.0,390.008,0,12105,0.0,4.0
zhihu/Matisse,76,6.658,5.0,7.384,0,45,2.0,8.25,1.395,1.0,0.634,1,4,1.0,2.0,8.079,0.0,16.138,0,74,0.0,10.0
metersphere/metersphere,3704,6.678,3.0,11.375,0,144,1.0,7.0,1.298,1.0,0.546,1,5,1.0,2.0,445.992,0.0,3758.162,0,102336,0.0,13.0
daimajia/AndroidViewAnimations,82,3.378,2.0,7.03,1,64,2.0,2.0,1.805,2.0,0.399,1,2,2.0,2.0,2.293,0.0,12.889,0,94,0.0,0.0
daimajia/AndroidSwipeLayout,74,3.716,2.0,4.945,0,30,1.0,4.75,1.324,1.0,0.599,1,3,1.0,1.75,58.905,0.0,480.284,0,4134,0.0,1.0
pagehelper/Mybatis-PageHelper,181,5.812,6.0,4.901,0,30,2.0,8.0,1.442,1.0,0.852,1,5,1.0,1.0,29.641,0.0,190.394,0,2095,0.0,1.0
redis/jedis,1221,5.538,3.0,8.76,0,151,1.0,8.0,1.42,1.0,0.851,1,7,1.0,2.0,530.372,1.0,14553.31,0,508218,0.0,15.0
plantuml/plantuml,3935,7.134,5.0,7.564,0,132,2.0,10.0,1.542,1.0,0.911,1,19,1.0,2.0,36.509,1.0,623.311,0,35998,0.0,6.0
amitshekhariitbhu/android-interview-questions,1,0.0,0.0,,0,0,0.0,0.0,1.0,1.0,,1,1,1.0,1.0,0.0,0.0,,0,0,0.0,0.0
Yalantis/uCrop,77,6.338,3.0,8.658,0,44,1.0,6.0,1.364,1.0,0.842,1,7,1.0,2.0,28.909,1.0,81.545,0,417,0.0,6.0
Tencent/matrix,1393,5.681,3.0,7.132,0,59,1.0,7.0,1.343,1.0,1.014,1,16,1.0,1.0,12.894,0.0,65.669,0,1325,0.0,3.0
Tencent/VasSonic,111,4.198,2.0,4.901,0,25,1.0,5.0,1.279,1.0,0.59,1,4,1.0,1.0,21.613,0.0,96.043,0,933,0.0,5.0
Team-xManager/xManager,524,2.017,2.0,2.604,0,47,2.0,2.0,1.021,1.0,0.243,1,6,1.0,1.0,4.733,0.0,69.899,0,1430,0.0,0.0
debezium/debezium,3377,6.824,4.0,7.616,0,86,2.0,9.0,1.584,1.0,0.998,1,25,1.0,2.0,55.713,1.0,523.02,0,24695,0.0,9.0
grpc/grpc-java,5482,5.601,3.0,8.018,0,99,1.0,6.0,1.393,1.0,0.995,1,22,1.0,1.0,13.498,0.0,123.334,0,5460,0.0,3.0
xpipe-io/xpipe,1481,6.957,5.0,6.475,0,79,3.0,10.0,1.575,1.0,1.087,1,19,1.0,2.0,18.834,1.0,161.648,0,3585,0.0,9.0
code4craft/webmagic,344,4.532,4.0,3.872,0,29,2.0,7.0,1.183,1.0,0.585,1,9,1.0,1.0,11.465,1.0,76.64,0,1252,0.0,3.0
OpenRefine/OpenRefine,1396,6.697,5.0,6.615,0,129,3.0,9.0,1.688,1.0,0.894,1,9,1.0,2.0,12.818,1.0,57.094,0,990,0.0,6.0
realm/realm-java,1912,4.293,2.0,6.755,0,92,1.0,4.0,1.213,1.0,0.724,1,16,1.0,1.0,51.748,0.0,656.661,0,25395,0.0,0.0
careercup/CtCI-6th-Edition,609,2.128,2.0,1.567,0,10,1.0,3.0,1.069,1.0,0.332,1,5,1.0,1.0,4.483,1.0,16.698,0,378,0.0,6.0
gyf-dev/ImmersionBar,142,6.352,5.0,7.113,0,57,2.0,9.0,2.106,2.0,1.001,1,4,1.0,3.0,159.254,3.0,1752.52,0,20892,0.0,6.0
PaperMC/Paper,4165,6.897,5.0,11.946,0,291,2.0,8.0,1.686,1.0,1.294,1,22,1.0,2.0,111.822,1.0,1801.32,0,78671,0.0,15.0
newbee-ltd/newbee-mall,89,5.034,2.0,6.246,0,27,1.0,8.0,1.067,1.0,0.447,1,4,1.0,1.0,34.91,4.0,68.176,0,436,0.0,36.0
provectus/kafka-ui,513,7.244,5.0,7.312,0,64,2.0,10.0,1.511,1.0,1.074,1,7,1.0,2.0,17.135,1.0,86.132,0,1542,0.0,6.0
jhy/jsoup,408,6.306,4.0,7.291,0,67,2.0,8.0,1.806,1.0,3.175,1,59,1.0,2.0,240.083,1.0,1871.838,0,26740,0.0,10.0
permissions-dispatcher/PermissionsDispatcher,119,1.622,0.0,3.283,0,14,0.0,1.0,1.227,1.0,0.528,1,4,1.0,1.0,34.378,3.0,327.193,0,3570,3.0,3.0
mission-peace/interview,667,2.013,2.0,1.222,0,6,1.0,3.0,1.037,1.0,0.31,1,4,1.0,1.0,3.409,1.0,13.558,0,325,0.0,3.0
LawnchairLauncher/lawnchair,3250,10.319,5.0,14.238,0,217,2.0,13.0,1.585,1.0,1.163,1,14,1.0,2.0,97.1,1.0,1006.003,0,39464,0.0,10.0
beemdevelopment/Aegis,454,7.447,5.0,9.509,0,83,2.0,10.0,1.709,1.0,1.02,1,8,1.0,2.0,22.866,1.0,141.937,0,1951,0.0,6.0
H07000223/FlycoTabLayout,33,6.455,3.0,8.867,0,33,1.0,8.0,1.545,1.0,0.711,1,3,1.0,2.0,223.091,1.0,720.449,0,3118,0.0,4.0
daniulive/SmarterStreaming,172,3.849,2.0,7.191,0,56,1.0,3.0,1.052,1.0,0.223,1,2,1.0,1.0,71.552,0.0,506.263,0,4560,0.0,0.0
lingochamp/FileDownloader,269,4.528,2.0,5.45,0,30,1.0,5.0,1.688,1.0,2.504,1,28,1.0,1.0,42.015,1.0,232.448,0,2947,0.0,10.0
jfeinstein10/SlidingMenu,74,5.122,3.0,5.574,0,30,1.0,8.75,1.959,1.0,1.591,1,7,1.0,2.0,47.446,0.0,228.991,0,1328,0.0,1.75
doocs/jvm,1,0.0,0.0,,0,0,0.0,0.0,1.0,1.0,,1,1,1.0,1.0,0.0,0.0,,0,0,0.0,0.0
microg/GmsCore,1809,5.735,5.0,4.965,0,72,2.0,8.0,1.71,2.0,0.908,1,17,1.0,2.0,14.227,0.0,68.817,0,1081,0.0,3.0
ssssssss-team/spider-flow,161,5.385,4.0,5.17,0,30,2.0,7.0,1.733,1.0,3.402,1,43,1.0,2.0,20.329,1.0,49.785,0,300,0.0,10.0
square/javapoet,99,4.515,2.0,5.92,0,28,0.0,7.0,1.152,1.0,0.612,1,5,1.0,1.0,129.293,0.0,749.244,0,7354,0.0,31.5
apple/pkl,1628,6.295,4.0,7.918,0,188,3.0,7.0,4.378,4.0,15.462,1,360,1.0,5.0,28.923,0.0,224.748,0,5986,0.0,3.0
jwtk/jjwt,555,5.623,4.0,6.831,0,70,2.0,7.0,1.995,1.0,2.382,1,42,1.0,2.0,25.834,1.0,142.145,0,2393,0.0,3.0
alibaba/vlayout,159,5.314,3.0,6.715,0,44,2.0,6.0,1.855,1.0,1.492,1,7,1.0,2.0,72.541,0.0,368.428,0,3912,0.0,9.0
asLody/VirtualApp,1420,3.941,2.0,5.277,0,58,1.0,5.0,2.588,2.0,11.271,1,303,1.0,3.0,15.611,0.0,114.809,0,2581,0.0,1.0
TooTallNate/Java-WebSocket,261,3.556,2.0,4.127,0,34,1.0,5.0,1.82,1.0,1.351,1,7,1.0,2.0,36.621,6.0,184.146,0,1923,0.0,10.0
clojure/clojure,917,3.603,0.0,7.883,0,101,0.0,4.0,1.495,1.0,2.343,1,48,1.0,1.0,130.391,0.0,1974.926,0,48504,0.0,0.0
android-async-http/android-async-http,154,5.662,4.0,6.151,0,50,2.0,8.0,1.786,1.0,1.078,1,5,1.0,2.75,45.877,3.0,293.705,0,3536,0.0,15.0
jeasonlzy/okhttp-OkGo,361,5.651,5.0,5.14,0,28,2.0,7.0,1.623,1.0,1.076,1,7,1.0,2.0,19.446,0.0,124.499,0,1830,0.0,6.0
google/auto,1139,4.114,3.0,8.609,0,232,1.0,5.0,1.706,1.0,3.252,1,80,1.0,1.0,25.594,1.0,270.469,0,7526,0.0,3.0
lipangit/JiaoZiVideoPlayer,69,7.275,6.0,6.446,0,35,3.0,8.0,2.116,2.0,0.978,1,4,1.0,2.0,56.638,4.0,213.184,0,1318,0.0,15.0
tbruyelle/RxPermissions,20,4.65,2.0,5.669,0,20,1.0,5.25,1.1,1.0,0.308,1,2,1.0,1.0,10.1,0.0,33.524,0,146,0.0,0.25
zfile-dev/zfile,414,7.01,4.0,8.05,0,44,2.0,9.0,1.505,1.0,1.113,1,5,1.0,1.0,9.454,0.0,47.047,0,583,0.0,1.0
JessYanCoding/MVPArms,149,6.644,5.0,5.938,0,26,2.0,8.0,1.282,1.0,0.57,1,3,1.0,1.0,32.101,3.0,147.025,0,1647,0.0,15.0
awsdocs/aws-doc-sdk-examples,1673,7.039,5.0,6.408,0,63,4.0,8.0,1.04,1.0,0.31,1,6,1.0,1.0,6.187,1.0,24.171,0,404,0.0,1.0
JakeWharton/ViewPagerIndicator,66,6.015,6.0,5.226,0,26,2.0,7.0,2.712,3.0,1.25,1,4,1.0,4.0,29.273,0.0,127.34,0,927,0.0,1.0
signalapp/Signal-Server,1274,9.126,5.0,13.078,0,245,2.0,11.0,1.48,1.0,0.935,1,15,1.0,2.0,13.72,0.0,82.417,0,1596,0.0,3.0
stanfordnlp/CoreNLP,4305,5.923,4.0,7.923,0,223,1.0,8.0,1.65,1.0,2.483,1,121,1.0,2.0,148.579,0.0,1831.554,0,83638,0.0,10.0
wasabeef/glide-transformations,27,5.556,5.0,3.355,0,11,4.0,9.0,2.148,2.0,0.77,1,3,2.0,3.0,2.778,0.0,4.535,0,15,0.0,3.0
googlesamples/easypermissions,33,8.939,8.0,5.804,0,26,5.0,12.0,1.485,1.0,0.619,1,3,1.0,2.0,12.212,6.0,21.774,0,89,0.0,10.0
paascloud/paascloud-master,742,6.104,4.0,6.045,0,59,2.0,8.0,1.315,1.0,0.543,1,5,1.0,2.0,5.457,0.0,25.617,0,496,0.0,1.0
uknownothingsnow/JsBridge,32,3.5,1.5,5.003,0,18,0.0,3.25,1.156,1.0,0.369,1,2,1.0,1.0,17.094,0.0,51.74,0,211,0.0,4.0
hackware1993/MagicIndicator,103,5.0,4.0,4.535,0,16,1.0,8.0,1.34,1.0,0.57,1,4,1.0,2.0,26.942,3.0,79.462,0,506,0.0,6.0
HarlonWang/AVLoadingIndicatorView,92,3.565,2.0,2.364,0,13,2.0,6.0,1.783,1.0,1.046,1,4,1.0,3.0,6.75,0.0,42.845,0,297,0.0,1.0
OpenFeign/feign,1247,5.136,3.0,6.317,0,59,1.0,6.0,1.682,1.0,3.248,1,92,1.0,2.0,13.266,0.0,79.821,0,1596,0.0,1.0
YoKeyword/Fragmentation,284,5.232,3.0,5.165,0,27,2.0,9.0,1.708,1.0,1.097,1,5,1.0,2.0,15.116,0.0,102.269,0,1547,0.0,3.25
xuchengsheng/spring-reading,290,2.814,3.0,2.179,0,12,1.0,4.0,1.028,1.0,0.164,1,2,1.0,1.0,0.541,0.0,3.205,0,45,0.0,0.0
lihengming/spring-boot-api-project-seed,15,5.0,4.0,4.675,0,15,2.0,7.5,1.267,1.0,0.799,1,4,1.0,1.0,9.733,0.0,18.672,0,60,0.0,9.0
perwendel/spark,221,4.543,3.0,4.734,0,28,1.0,6.0,1.299,1.0,0.781,1,5,1.0,1.0,47.118,0.0,408.472,0,5565,0.0,3.0
ksoichiro/Android-ObservableScrollView,335,5.015,3.0,4.606,0,24,1.0,8.0,1.967,2.0,1.167,1,7,1.0,3.0,7.57,0.0,30.685,0,447,0.0,4.0
koral--/android-gif-drawable,64,6.156,4.0,6.373,0,37,2.0,8.25,1.656,1.0,1.288,1,10,1.0,2.0,59.734,0.0,286.66,0,2124,0.0,3.0
bilibili/DanmakuFlameMaster,172,5.163,3.0,6.12,0,37,2.0,6.0,1.61,1.0,1.374,1,14,1.0,2.0,47.506,1.0,158.938,0,938,0.0,15.0
liaohuqiu/android-Ultra-Pull-To-Refresh,161,4.056,2.0,4.389,0,23,2.0,5.0,1.416,1.0,0.755,1,5,1.0,2.0,19.143,0.0,138.956,0,1670,0.0,1.0
MyCATApache/Mycat-Server,1291,4.895,3.0,6.215,0,59,1.0,7.0,1.294,1.0,0.721,1,12,1.0,1.0,78.488,0.0,882.932,0,19242,0.0,6.0
umano/AndroidSlidingUpPanel,17,4.941,2.0,6.638,0,26,2.0,4.0,1.353,1.0,0.786,1,4,1.0,1.0,132.0,0.0,373.941,0,1431,0.0,19.0
crossoverJie/cim,202,4.881,4.0,4.864,0,32,2.0,7.0,1.282,1.0,0.743,1,7,1.0,1.0,5.738,0.0,16.737,0,171,0.0,2.0
pockethub/PocketHub,212,6.575,5.0,5.341,0,43,3.0,9.0,1.481,1.0,0.763,1,4,1.0,2.0,9.042,0.0,35.252,0,351,0.0,4.0
apache/cassandra,12653,6.824,5.0,8.031,0,161,2.0,9.0,1.77,1.0,1.815,1,65,1.0,2.0,59.15,1.0,1395.566,0,127537,0.0,8.0
Justson/AgentWeb,256,5.398,3.0,7.348,0,55,1.0,6.0,1.488,1.0,0.998,1,9,1.0,2.0,18.793,0.0,99.163,0,1447,0.0,3.0
seven332/EhViewer,601,7.145,4.0,10.2,0,97,2.0,8.0,1.822,1.0,1.51,1,16,1.0,2.0,45.263,1.0,450.454,0,10754,0.0,10.0
huanghaibin-dev/CalendarView,176,6.568,4.0,7.125,0,38,2.0,8.0,2.159,1.0,1.492,1,5,1.0,3.0,53.182,3.0,390.128,0,5074,0.0,14.0
json-path/JsonPath,368,4.557,3.0,4.803,0,28,1.0,6.0,1.486,1.0,1.092,1,13,1.0,2.0,29.291,0.0,118.932,0,1596,0.0,6.0
GcsSloop/AndroidNote,8,4.875,1.0,5.987,0,16,1.0,9.25,1.375,1.0,0.518,1,2,1.0,2.0,8.125,3.0,12.744,0,37,0.0,9.5
cats-oss/android-gpuimage,153,2.961,2.0,3.748,0,26,1.0,3.0,2.157,2.0,1.193,1,7,1.0,3.0,11.301,0.0,54.176,0,549,0.0,2.0
didi/VirtualAPK,163,4.896,3.0,6.168,0,36,1.0,5.0,1.613,1.0,1.429,1,17,1.0,2.0,17.577,1.0,66.28,0,526,0.0,4.0
apache/jmeter,1719,5.494,4.0,5.966,0,97,1.0,8.0,1.999,2.0,1.502,1,12,1.0,2.0,62.118,3.0,382.716,0,9996,0.0,16.0
navasmdc/MaterialDesignLibrary,82,4.537,3.0,4.495,0,17,1.0,6.0,1.817,1.0,1.229,1,6,1.0,2.0,6.756,0.0,18.905,0,106,0.0,3.0
KunMinX/Jetpack-MVVM-Best-Practice,119,4.84,3.0,5.079,0,22,1.0,7.0,1.622,1.0,1.073,1,6,1.0,2.0,12.0,0.0,68.968,0,721,0.0,3.0
Freelander/Android_Data,2,2.0,2.0,2.828,0,4,1.0,3.0,1.0,1.0,0.0,1,1,1.0,1.0,3.0,3.0,4.243,0,6,1.5,4.5
nathanmarz/storm,851,4.425,3.0,5.148,0,55,1.0,6.0,1.288,1.0,0.926,1,20,1.0,1.0,33.071,1.0,133.141,0,2111,0.0,5.0
java-native-access/jna,2365,4.874,3.0,6.616,0,75,2.0,6.0,2.533,2.0,4.978,1,125,1.0,3.0,44.938,0.0,515.511,0,16469,0.0,3.0
laobie/StatusBarUtil,33,4.152,3.0,3.528,0,13,2.0,6.0,1.545,1.0,0.833,1,3,1.0,2.0,22.545,0.0,124.493,0,716,0.0,1.0
Blankj/awesome-java-leetcode,72,1.681,2.0,0.552,1,3,1.0,2.0,1.0,1.0,0.0,1,1,1.0,1.0,1.167,1.0,0.692,0,3,1.0,1.0
chrisbanes/Android-PullToRefresh,82,6.024,4.5,5.848,0,34,2.0,8.75,2.11,2.0,1.361,1,7,1.0,3.0,55.841,1.0,370.864,0,3334,0.0,3.75
karatelabs/karate,584,6.63,5.0,6.907,0,73,2.0,9.0,1.205,1.0,0.599,1,8,1.0,1.0,115.276,1.0,629.096,0,8342,0.0,10.0
ybq/Android-SpinKit,71,4.817,5.0,3.535,0,17,3.0,6.0,3.169,2.0,2.467,1,9,1.0,5.0,21.521,1.0,134.57,0,1123,1.0,3.0
shwenzhang/AndResGuard,66,3.53,2.0,4.558,0,25,1.0,4.0,1.5,1.0,0.864,1,4,1.0,2.0,22.379,1.5,44.337,0,224,0.0,18.75
react-native-image-picker/react-native-image-picker,11,6.182,4.0,6.431,1,22,1.5,7.5,1.545,2.0,0.522,1,2,1.0,2.0,66.182,1.0,211.24,0,703,0.0,6.0
chrisjenx/Calligraphy,25,5.72,5.0,5.062,0,17,2.0,9.0,1.44,1.0,0.583,1,3,1.0,2.0,11.36,3.0,26.944,0,132,0.0,10.0
amitshekhariitbhu/Android-Debug-Database,61,4.148,4.0,3.803,0,21,1.0,6.0,1.279,1.0,0.521,1,3,1.0,1.0,8.803,0.0,22.798,0,151,0.0,6.0
airbnb/epoxy,610,7.197,5.0,6.334,0,37,2.0,12.0,1.813,2.0,1.073,1,18,1.0,2.0,138.774,1.0,320.18,0,2579,0.0,272.75
dropwizard/dropwizard,1384,5.963,4.0,5.907,0,57,2.0,8.0,1.516,1.0,1.005,1,13,1.0,2.0,18.834,0.0,214.712,0,6786,0.0,3.0
junit-team/junit4,1471,3.868,3.0,4.188,0,41,1.0,5.0,1.464,1.0,1.05,1,14,1.0,2.0,12.961,0.0,130.539,0,3891,0.0,1.0
ZCShou/GoGoGo,48,7.708,4.0,13.429,0,82,2.0,6.25,1.458,1.0,0.713,1,4,1.0,2.0,12.875,1.0,46.098,0,293,0.0,1.0
frohoff/ysoserial,120,5.458,3.0,5.655,0,24,1.0,9.0,1.342,1.0,0.667,1,5,1.0,2.0,8.892,1.0,57.458,0,628,0.0,3.0
google/tsunami-security-scanner,288,6.26,5.0,6.14,0,36,2.0,8.0,1.542,1.0,0.951,1,5,1.0,2.0,14.753,0.5,54.019,0,561,0.0,6.0
LSPosed/LSPatch,146,4.342,2.0,5.896,0,48,1.0,6.0,1.349,1.0,0.86,1,6,1.0,1.0,23.877,0.0,186.881,0,2231,0.0,3.0
PojavLauncherTeam/PojavLauncher,402,6.234,3.0,8.193,0,66,1.0,9.0,1.41,1.0,0.691,1,6,1.0,2.0,124.731,1.0,1599.123,0,30874,0.0,10.75
roughike/BottomBar,66,4.909,2.0,6.834,0,45,1.0,7.0,1.288,1.0,0.627,1,4,1.0,1.0,61.667,0.0,332.032,0,2286,0.0,0.0
DImuthuUpe/AndroidPdfViewer,57,4.947,1.0,8.271,0,51,0.0,6.0,1.246,1.0,0.606,1,4,1.0,1.0,76.789,0.0,440.471,0,3311,0.0,7.0
testcontainers/testcontainers-java,897,5.348,4.0,4.882,0,71,2.0,7.0,1.494,1.0,0.887,1,13,1.0,2.0,21.912,1.0,186.817,0,5118,0.0,6.0
wildfirechat/im-server,1013,6.407,3.0,8.067,0,90,1.0,12.0,1.542,1.0,2.491,1,77,1.0,2.0,111.721,1.0,448.014,0,11781,0.0,28.0
apache/beam,16222,7.416,5.0,8.062,0,140,2.0,10.0,1.535,1.0,1.389,1,38,1.0,2.0,19.624,0.0,171.058,0,11781,0.0,5.0
pentaho/pentaho-kettle,11005,6.01,2.0,9.323,0,301,1.0,7.0,1.279,1.0,0.615,1,18,1.0,1.0,83.135,0.0,1227.247,0,92397,0.0,1.0
cabaletta/baritone,473,6.698,4.0,8.284,0,65,2.0,8.0,1.387,1.0,0.808,1,6,1.0,2.0,22.114,1.0,128.126,0,1653,0.0,10.0
alibaba/atlas,2194,5.639,4.0,6.72,0,67,1.0,7.0,1.436,1.0,0.917,1,13,1.0,2.0,29.884,1.0,157.488,0,5441,0.0,6.0
HMCL-dev/HMCL,1300,6.832,4.0,8.202,0,92,2.0,9.0,1.696,1.0,1.33,1,21,1.0,2.0,36.124,1.0,317.071,0,7385,0.0,7.0
alibaba/otter,1296,4.613,3.0,5.383,0,39,1.0,6.0,1.373,1.0,0.746,1,7,1.0,2.0,32.454,1.0,252.543,0,6378,0.0,7.0
bytedeco/javacv,223,6.126,4.0,6.771,0,35,1.0,9.0,2.13,1.0,1.923,1,13,1.0,3.0,133.991,1.0,704.226,0,7451,0.0,20.0
aeron-io/aeron,1313,7.834,4.0,9.998,0,93,2.0,10.0,1.299,1.0,0.914,1,9,1.0,1.0,113.724,0.0,1254.777,0,37165,0.0,6.0
florent37/MaterialViewPager,44,4.545,3.0,4.844,0,26,1.0,6.0,1.295,1.0,0.553,1,3,1.0,1.25,9.386,0.0,26.482,0,142,0.0,3.25
aritraroy/UltimateAndroidReference,1,1.0,1.0,,1,1,1.0,1.0,1.0,1.0,,1,1,1.0,1.0,0.0,0.0,,0,0,0.0,0.0
guolindev/LitePal,201,5.01,3.0,5.162,0,32,2.0,7.0,1.652,1.0,0.958,1,6,1.0,2.0,49.448,0.0,248.87,0,2554,0.0,9.0
davemorrissey/subsampling-scale-image-view,72,5.625,3.5,6.619,0,47,2.0,7.25,1.583,1.0,0.884,1,5,1.0,2.0,79.722,0.0,641.019,0,5442,0.0,3.0
Netflix/SimianArmy,305,5.846,4.0,7.313,0,79,2.0,8.0,1.423,1.0,0.775,1,5,1.0,2.0,25.161,3.0,112.005,0,1489,0.0,20.0
apache/iceberg,4544,8.586,6.0,8.293,0,84,3.0,12.0,1.678,1.0,1.674,1,49,1.0,2.0,36.413,2.0,172.596,0,3988,0.0,15.0
junixapp/XPopup,305,4.705,3.0,6.321,0,50,1.0,5.0,1.577,1.0,1.127,1,9,1.0,2.0,22.902,0.0,135.878,0,1441,0.0,3.0
apache/tomcat,4673,4.515,3.0,5.868,0,81,1.0,5.0,1.814,1.0,1.671,1,46,1.0,2.0,179.611,0.0,4201.031,0,268257,0.0,6.0
JakeWharton/hugo,7,5.714,7.0,4.231,1,10,1.5,9.5,1.143,1.0,0.378,1,2,1.0,1.0,27.714,6.0,43.523,0,120,0.5,33.5
dropwizard/metrics,688,5.483,4.0,4.648,0,29,3.0,7.0,1.352,1.0,0.775,1,11,1.0,2.0,9.533,0.0,39.273,0,664,0.0,3.0
HannahMitt/HomeMirror,66,2.727,2.0,4.944,0,35,0.0,3.0,1.076,1.0,0.267,1,2,1.0,1.0,5.348,0.0,35.403,0,288,0.0,1.0
software-mansion/react-native-svg,218,6.546,5.0,7.098,0,51,2.0,8.0,2.647,1.0,7.13,1,105,1.0,4.0,87.936,1.0,235.363,0,1643,0.0,28.0
ChrisRM/material-theme-jetbrains,357,4.331,3.0,4.943,0,45,2.0,5.0,2.255,2.0,1.449,1,10,1.0,3.0,84.423,1.0,634.422,0,9644,0.0,9.0
trello-archive/RxLifecycle,81,6.432,6.0,6.164,0,19,1.0,13.0,1.654,1.0,1.142,1,7,1.0,2.0,1.407,0.0,4.064,0,22,0.0,0.0
goldze/MVVMHabit,319,3.583,2.0,3.826,0,28,1.0,5.0,1.273,1.0,0.652,1,4,1.0,1.0,15.765,0.0,74.055,0,861,0.0,1.0
lecho/hellocharts-android,153,6.307,3.0,6.49,0,26,2.0,9.0,1.523,1.0,0.828,1,5,1.0,2.0,40.294,1.0,150.074,0,1095,0.0,10.0
vipshop/vjtools,379,3.135,2.0,3.473,0,22,1.0,4.0,1.277,1.0,0.763,1,6,1.0,1.0,26.301,1.0,106.806,0,1225,0.0,10.0
gedoor/MyBookshelf,669,6.336,4.0,7.735,0,74,1.0,9.0,1.469,1.0,0.885,1,6,1.0,2.0,58.662,1.0,338.61,0,6629,0.0,14.0
PowerJob/PowerJob,755,5.746,4.0,6.217,0,43,2.0,7.0,1.184,1.0,0.547,1,5,1.0,1.0,5.138,0.0,27.937,0,441,0.0,1.0
google/android-classyshark,212,3.17,2.0,3.566,0,18,1.0,4.0,1.278,1.0,0.925,1,7,1.0,1.0,10.25,1.0,27.569,0,165,0.0,6.0
google/closure-compiler,2686,6.851,5.0,8.136,0,139,2.0,9.0,1.509,1.0,1.259,1,39,1.0,2.0,1272.185,1.0,29955.46,0,1490474,0.0,16.0
koush/AndroidAsync,543,3.613,2.0,5.023,0,48,1.0,4.5,1.532,1.0,1.746,1,29,1.0,1.0,19.44,0.0,84.11,0,775,0.0,1.0
jeecgboot/jimureport,12,6.75,6.5,3.049,3,13,4.0,8.5,1.083,1.0,0.289,1,2,1.0,1.0,2.333,0.0,5.99,0,21,0.0,1.0
kaushikgopal/RxJava-Android-Samples,86,6.628,3.0,7.152,0,29,1.25,12.75,1.826,1.0,0.96,1,4,1.0,3.0,9.198,3.0,25.349,0,208,0.0,3.75
kevin-wayne/algs4,279,4.004,4.0,2.507,0,12,2.0,5.5,1.022,1.0,0.168,1,3,1.0,1.0,47.47,0.0,263.518,0,3145,0.0,8.0
yuanguangxin/LeetCode,145,1.241,1.0,0.67,0,3,1.0,2.0,1.0,1.0,0.0,1,1,1.0,1.0,0.841,0.0,2.326,0,21,0.0,1.0
swagger-api/swagger-core,1476,4.82,3.0,6.878,0,144,1.0,7.0,1.226,1.0,0.604,1,9,1.0,1.0,49.711,0.0,740.879,0,26393,0.0,1.0
gunnarmorling/1brc,600,3.167,3.0,2.475,0,17,1.0,5.0,1.09,1.0,0.381,1,5,1.0,1.0,7.58,1.0,23.527,0,416,0.0,5.0
lenve/VBlog,29,4.552,4.0,3.621,0,13,2.0,7.0,1.034,1.0,0.186,1,2,1.0,1.0,29.069,1.0,92.841,0,464,0.0,6.0
dyc87112/SpringCloud-Learning,312,5.878,4.0,5.842,0,42,2.0,7.0,1.045,1.0,0.262,1,4,1.0,1.0,28.734,1.0,87.778,0,540,0.0,10.5
abel533/Mapper,458,5.057,4.0,4.636,0,34,2.0,7.0,1.242,1.0,0.529,1,4,1.0,1.0,36.177,0.0,175.547,0,2016,0.0,6.0
leolin310148/ShortcutBadger,31,5.29,5.0,4.591,0,23,2.0,7.0,1.161,1.0,0.454,1,3,1.0,1.0,3.484,1.0,7.532,0,29,0.0,1.0
Qihoo360/RePlugin,456,5.197,3.0,6.257,0,52,2.0,6.0,1.417,1.0,0.677,1,5,1.0,2.0,32.02,0.0,182.824,0,3192,0.0,6.0
MinecraftForge/MinecraftForge,1674,7.128,6.0,9.615,0,249,3.0,9.0,2.171,1.0,2.98,1,72,1.0,2.0,37.889,1.0,503.604,0,14634,0.0,4.0
square/dagger,406,3.175,3.0,2.947,0,20,1.0,4.0,1.229,1.0,0.716,1,8,1.0,1.0,5.988,0.0,45.363,0,820,0.0,0.0
Bearded-Hen/Android-Bootstrap,79,6.962,3.0,8.321,0,34,1.0,9.0,1.671,1.0,0.858,1,4,1.0,2.0,31.392,2.0,77.891,0,507,0.0,12.0
AntennaPod/AntennaPod,818,7.421,5.0,8.939,0,89,2.0,9.0,1.484,1.0,0.783,1,8,1.0,2.0,21.411,1.0,106.389,0,1521,0.0,8.0
pedant/sweet-alert-dialog,16,4.375,1.5,5.536,0,19,1.0,7.25,1.25,1.0,0.447,1,2,1.0,1.25,31.062,0.0,88.95,0,337,0.0,3.0
crazycodeboy/TakePhoto,55,5.055,2.0,5.81,0,30,1.0,8.0,1.255,1.0,0.552,1,3,1.0,1.0,10.891,1.0,22.58,0,120,0.0,10.0
Exrick/xmall,316,4.31,3.0,5.414,0,34,1.0,5.0,1.161,1.0,0.417,1,4,1.0,1.0,632.829,13.0,2870.931,0,24268,0.0,55.0
geeeeeeeeek/WeChatLuckyMoney,21,5.381,3.0,5.123,1,18,2.0,8.0,1.381,1.0,0.498,1,2,1.0,2.0,8.81,1.0,18.424,0,66,0.0,4.0
cymcsg/UltimateRecyclerView,382,5.215,3.0,6.046,0,48,1.0,7.0,1.694,1.0,1.083,1,7,1.0,2.0,41.393,0.0,268.317,0,3682,0.0,6.0
dependency-check/DependencyCheck,493,7.061,5.0,7.659,0,72,2.0,10.0,1.866,2.0,1.001,1,10,1.0,3.0,60.014,3.0,321.631,0,4460,0.0,15.0
google/agera,290,6.328,4.0,6.686,0,36,2.0,7.0,1.241,1.0,0.536,1,5,1.0,1.0,14.845,0.0,106.495,0,1692,0.0,1.0
NanoHttpd/nanohttpd,144,4.34,3.0,4.362,0,31,1.0,6.0,1.792,1.0,1.564,1,16,1.0,2.0,22.16,1.0,88.269,0,859,0.0,6.0
didi/KnowStreaming,934,7.196,4.0,8.052,0,55,3.0,8.0,1.819,1.0,1.094,1,7,1.0,2.0,10.322,0.0,44.612,0,769,0.0,2.75
jd-opensource/joyagent-jdgenie,252,4.98,4.0,5.649,0,30,1.0,6.0,1.119,1.0,0.448,1,4,1.0,1.0,4.734,0.0,17.511,0,139,0.0,1.0
ogaclejapan/SmartTabLayout,45,6.356,4.0,5.777,0,26,3.0,8.0,1.644,1.0,0.981,1,5,1.0,2.0,9.711,1.0,27.892,0,135,0.0,4.0
Genymobile/gnirehtet,81,3.765,2.0,3.596,0,19,1.0,5.0,1.185,1.0,0.527,1,3,1.0,1.0,14.296,1.0,35.251,0,225,0.0,8.0
JakeWharton/ActionBarSherlock,427,6.283,4.0,7.111,0,49,2.0,8.0,1.951,1.0,1.565,1,11,1.0,2.0,63.398,0.0,264.279,0,3221,0.0,5.5
Alluxio/alluxio,4027,6.907,5.0,8.367,0,174,2.0,9.0,1.483,1.0,1.485,1,68,1.0,2.0,30.659,1.0,238.173,0,8911,0.0,6.0
AutoMQ/automq,9231,7.192,4.0,12.02,0,453,2.0,8.0,1.4,1.0,1.034,1,17,1.0,1.0,45.367,0.0,594.874,0,32843,0.0,6.0
naman14/Timber,453,5.4,3.0,6.68,0,60,1.0,7.0,1.461,1.0,0.815,1,8,1.0,2.0,19.748,0.0,171.855,0,3304,0.0,3.0
google/error-prone,3137,7.811,5.0,13.659,0,620,3.0,10.0,1.535,1.0,1.088,1,25,1.0,2.0,25.492,0.0,336.767,0,10878,0.0,3.0
NLPchina/elasticsearch-sql,276,9.601,6.0,19.734,0,304,3.0,10.0,2.083,1.0,1.5,1,7,1.0,3.0,190.199,1.0,1272.441,0,17212,0.0,11.25
h2pl/JavaTutorial,3,0.333,0.0,0.577,0,1,0.0,0.5,1.0,1.0,0.0,1,1,1.0,1.0,0.333,0.0,0.577,0,1,0.0,0.5
mrniko/netty-socketio,169,4.964,3.0,6.616,0,34,1.0,6.0,1.266,1.0,0.562,1,5,1.0,1.0,33.018,0.0,255.151,0,3231,0.0,4.0
wiremock/wiremock,1299,5.751,4.0,6.755,0,92,2.0,7.0,1.37,1.0,0.795,1,8,1.0,1.0,74.052,1.0,729.085,0,20990,0.0,5.0
DroidPluginTeam/DroidPlugin,786,3.302,2.0,5.187,0,72,1.0,4.0,4.388,3.0,8.039,1,129,2.0,4.0,3.7,0.0,23.328,0,304,0.0,1.0
alibaba/jvm-sandbox,435,3.483,2.0,4.403,0,35,1.0,4.0,1.326,1.0,0.828,1,9,1.0,1.0,12.361,0.0,57.595,0,630,0.0,4.0
exadel-inc/CompreFace,333,7.853,6.0,7.325,0,42,2.0,11.0,1.658,1.0,1.33,1,5,1.0,2.0,3.895,0.0,16.05,0,184,0.0,1.0
hongyangAndroid/okhttputils,70,3.729,2.5,4.05,0,25,1.0,5.0,1.457,1.0,0.652,1,4,1.0,2.0,6.2,0.0,16.78,0,118,0.0,4.0
Meituan-Dianping/walle,94,3.149,2.0,4.08,0,22,1.0,3.0,1.191,1.0,0.723,1,6,1.0,1.0,8.691,0.5,23.485,0,151,0.0,3.75
macrozheng/springcloud-learning,225,4.884,3.0,5.01,0,39,2.0,6.0,1.022,1.0,0.148,1,2,1.0,1.0,85.876,0.0,846.648,0,9003,0.0,1.0
rabbitmq/rabbitmq-tutorials,51,4.588,4.0,2.662,1,17,3.0,5.5,1.0,1.0,0.0,1,1,1.0,1.0,2.294,1.0,4.129,0,21,0.0,3.0
zo0r/react-native-push-notification,29,6.31,4.0,6.877,1,35,3.0,7.0,1.241,1.0,0.435,1,2,1.0,1.0,15.483,0.0,50.251,0,231,0.0,3.0
smuyyh/BookReader,699,4.798,2.0,6.573,0,76,1.0,6.0,1.438,1.0,0.814,1,6,1.0,2.0,25.323,0.0,161.858,0,3764,0.0,3.0
Angel-ML/angel,1902,7.425,5.0,10.057,0,180,2.0,9.0,1.739,2.0,0.878,1,10,1.0,2.0,63.42,0.0,591.983,0,19110,0.0,6.0
guardianproject/haven,79,6.823,4.0,7.329,0,34,2.0,9.5,1.392,1.0,0.587,1,3,1.0,2.0,11.772,1.0,39.765,0,305,0.0,4.0
markzhai/AndroidPerformanceMonitor,54,4.074,3.0,3.942,0,21,2.0,6.0,1.278,1.0,0.529,1,3,1.0,1.0,14.074,0.0,37.249,0,186,0.0,6.0
fuzhengwei/itstack-demo-design,215,2.167,2.0,2.282,0,14,1.0,3.0,1.107,1.0,0.325,1,3,1.0,1.0,5.326,0.0,12.476,0,77,0.0,3.0
getActivity/AndroidProject,358,7.215,4.0,8.25,0,45,2.0,9.75,2.142,1.0,1.563,1,12,1.0,3.0,19.184,1.0,59.229,0,505,0.0,11.75
gzu-liyujiang/AndroidPicker,239,5.435,3.0,6.867,0,39,1.0,7.5,1.644,1.0,1.265,1,6,1.0,2.0,51.715,0.0,331.965,0,4919,0.0,13.0
zouzg/mybatis-generator-gui,39,7.179,5.0,7.813,0,36,1.0,11.0,1.487,1.0,0.683,1,4,1.0,2.0,69.949,3.0,255.115,0,1536,0.0,12.5
527515025/springBoot,264,5.087,4.0,4.429,0,32,2.0,7.0,1.148,1.0,0.415,1,4,1.0,1.0,15.496,0.0,70.73,0,858,0.0,6.0
hongyangAndroid/AndroidAutoLayout,78,5.833,5.0,4.653,0,30,3.0,8.0,2.0,2.0,0.703,1,4,2.0,2.0,8.808,8.0,16.371,0,136,0.0,10.0
Meituan-Dianping/Leaf,40,3.475,1.5,4.249,0,14,0.0,6.0,1.425,1.0,1.035,1,4,1.0,1.0,11.25,0.0,35.059,0,170,0.0,1.5
Col-E/Recaf,1537,8.484,6.0,8.931,0,108,3.0,11.0,1.604,1.0,1.003,1,18,1.0,2.0,26.916,1.0,166.675,0,3403,0.0,6.0
apache/storm,4388,5.322,3.0,6.756,0,159,2.0,6.0,1.217,1.0,0.738,1,31,1.0,1.0,48.819,1.0,431.037,0,14644,0.0,5.0
yanzhenjie/AndPermission,168,3.994,3.0,3.666,0,27,2.0,5.0,1.167,1.0,0.374,1,2,1.0,1.0,7.488,0.0,35.262,0,358,0.0,1.0
raphw/byte-buddy,6150,6.147,4.0,8.082,0,159,2.0,8.0,1.616,1.0,1.983,1,43,1.0,1.0,14.866,0.0,288.636,0,19306,0.0,1.0
quartz-scheduler/quartz,502,5.576,3.0,6.291,0,49,2.0,8.0,1.442,1.0,0.831,1,7,1.0,2.0,119.367,1.0,763.879,0,13666,0.0,10.0
GrenderG/Toasty,16,4.062,3.0,4.187,1,18,2.0,4.0,1.062,1.0,0.25,1,2,1.0,1.0,56.625,0.0,213.871,0,858,0.0,0.25
apache/zeppelin,2107,5.731,3.0,7.25,0,68,2.0,7.0,1.257,1.0,0.66,1,8,1.0,1.0,43.072,1.0,343.547,0,12445,0.0,6.0
JesusFreke/smali,1152,6.018,4.0,8.344,0,123,2.0,7.0,1.667,1.0,1.249,1,26,1.0,2.0,15.016,1.0,85.699,0,1613,0.0,6.0
MuntashirAkon/AppManager,1569,7.925,5.0,9.156,0,104,2.0,10.0,1.477,1.0,0.751,1,5,1.0,2.0,73.743,1.0,1037.82,0,37950,0.0,10.0
NLPchina/ansj_seg,218,6.317,4.0,5.864,0,25,3.0,8.0,1.188,1.0,0.436,1,4,1.0,1.0,9.578,0.0,42.668,0,572,0.0,3.75
FongMi/TV,654,6.709,4.0,8.624,0,76,1.0,9.0,1.408,1.0,0.689,1,4,1.0,2.0,100.742,1.0,674.744,0,12252,0.0,16.0
jOOQ/jOOQ,3311,9.794,7.0,17.919,0,662,3.5,11.0,1.832,1.0,3.101,1,156,1.0,2.0,1671.133,3.0,41934.153,0,2297296,0.0,28.0
processing/processing,922,3.732,2.0,5.986,0,58,1.0,4.0,1.642,1.0,2.004,1,28,1.0,1.0,507.761,0.0,7175.113,0,199668,0.0,3.0
ximsfei/Android-skin-support,405,6.079,5.0,5.037,0,33,3.0,8.0,1.393,1.0,0.732,1,7,1.0,2.0,17.672,1.0,68.423,0,851,0.0,8.0
getActivity/XXPermissions,194,6.655,4.0,6.509,0,44,2.0,10.0,1.546,1.0,0.894,1,4,1.0,2.0,86.438,1.0,875.945,0,12084,0.0,21.0
traccar/traccar,1803,5.572,4.0,4.471,0,48,3.0,7.0,1.923,2.0,0.823,1,6,1.0,2.0,5.927,0.0,47.361,0,1228,0.0,1.0
wxiaoqi/Spring-Cloud-Platform,177,4.887,3.0,5.217,0,31,1.0,7.0,1.407,1.0,0.828,1,5,1.0,2.0,57.65,0.0,211.24,0,1484,0.0,9.0
ArthurHub/Android-Image-Cropper,40,7.725,4.0,9.419,0,44,1.0,9.5,1.375,1.0,0.54,1,3,1.0,2.0,70.375,0.0,236.734,0,1382,0.0,8.75
vinc3m1/RoundedImageView,15,8.4,9.0,6.434,0,21,3.0,11.0,1.8,2.0,0.775,1,3,1.0,2.0,107.467,0.0,273.825,0,838,0.0,2.0
pig-mesh/pig,380,6.911,5.0,6.323,0,38,2.0,9.0,1.311,1.0,0.584,1,5,1.0,2.0,5.326,0.0,53.618,0,1035,0.0,1.0
hazelcast/hazelcast,16788,7.927,5.0,15.286,0,399,2.0,10.0,1.757,1.0,4.75,1,580,1.0,2.0,44.826,1.0,426.029,0,24531,0.0,10.0
AsyncHttpClient/async-http-client,579,5.805,4.0,6.443,0,51,2.0,8.0,1.566,1.0,0.958,1,8,1.0,2.0,41.501,1.0,247.656,0,3403,0.0,6.0
vespa-engine/vespa,11455,6.042,4.0,7.228,0,169,2.0,8.0,1.616,1.0,1.505,1,67,1.0,2.0,37.921,1.0,302.353,0,14028,0.0,10.0
aa112901/remusic,845,5.187,3.0,6.427,0,62,1.0,7.0,1.453,1.0,0.808,1,7,1.0,2.0,41.646,0.0,345.672,0,6785,0.0,3.0
sshahine/JFoenix,425,6.92,4.0,6.939,0,39,2.0,10.0,1.624,1.0,0.961,1,12,1.0,2.0,22.085,1.0,88.532,0,1254,0.0,5.0
joelittlejohn/jsonschema2pojo,271,6.701,5.0,5.94,0,46,3.0,10.0,1.14,1.0,0.433,1,4,1.0,1.0,77.686,0.0,580.816,0,8506,0.0,3.0
wasabeef/richeditor-android,43,2.419,2.0,2.602,0,17,2.0,2.0,1.14,1.0,0.413,1,3,1.0,1.0,46.953,0.0,305.869,0,2006,0.0,0.0
amitshekhariitbhu/from-java-to-kotlin,2,0.5,0.5,0.707,0,1,0.25,0.75,1.0,1.0,0.0,1,1,1.0,1.0,0.0,0.0,0.0,0,0,0.0,0.0
648540858/wvp-GB28181-pro,749,8.231,5.0,9.959,0,100,2.0,11.0,1.295,1.0,0.535,1,4,1.0,2.0,35.13,0.0,162.062,0,1953,0.0,4.0
koush/ion,289,4.578,3.0,6.131,0,66,1.0,6.0,1.46,1.0,1.465,1,23,1.0,2.0,23.599,0.0,205.83,0,3375,0.0,1.0
haifengl/smile,1334,5.539,5.0,5.05,0,62,2.0,7.75,1.363,1.0,0.958,1,16,1.0,1.0,103.718,1.0,1391.68,0,32877,0.0,15.0
lightbend/config,200,5.475,3.0,7.14,0,40,1.0,6.0,2.055,1.0,4.374,1,60,1.0,2.0,76.18,0.0,399.353,0,4868,0.0,8.0
ityouknow/spring-cloud-examples,60,3.833,4.0,1.076,2,6,3.0,4.0,1.017,1.0,0.129,1,2,1.0,1.0,0.467,0.0,2.103,0,15,0.0,0.0
gephi/gephi,2389,4.48,3.0,4.88,0,51,1.0,6.0,1.673,1.0,1.672,1,20,1.0,2.0,24.684,0.0,124.299,0,2651,0.0,10.0
logisim-evolution/logisim-evolution,1905,5.961,4.0,6.399,0,67,2.0,8.0,2.429,2.0,2.555,1,30,1.0,3.0,28.233,1.0,123.983,0,1912,0.0,10.0
DerekYRC/mini-spring,149,3.409,2.0,3.555,0,19,1.0,4.0,1.221,1.0,0.666,1,5,1.0,1.0,5.081,0.0,20.558,0,184,0.0,1.0
Javen205/IJPay,273,5.59,5.0,10.494,0,152,1.0,7.0,1.37,1.0,0.58,1,3,1.0,2.0,139.403,0.0,1332.614,0,16653,0.0,6.0
google/grafika,103,6.408,5.0,6.28,0,30,2.0,9.5,1.748,2.0,0.86,1,5,1.0,2.0,6.893,0.0,16.887,0,126,0.0,6.0
auth0/java-jwt,86,5.663,3.5,5.483,0,20,1.25,10.0,1.628,1.0,1.32,1,6,1.0,1.75,142.744,1.0,531.446,0,4355,0.0,25.0
nayuki/QR-Code-generator,19,3.947,3.0,3.659,0,11,1.0,5.0,1.421,1.0,1.261,1,5,1.0,1.0,19.579,1.0,26.29,0,91,0.0,36.0
ikew0ng/SwipeBackLayout,18,5.222,3.0,6.044,0,19,1.0,6.5,1.389,1.0,0.698,1,3,1.0,1.75,61.333,3.0,163.941,0,696,0.75,40.25
daimajia/NumberProgressBar,6,3.167,0.5,4.916,0,12,0.0,4.75,1.333,1.0,0.516,1,2,1.0,1.75,91.833,0.0,222.018,0,545,0.0,4.5
rengwuxian/MaterialEditText,26,5.654,2.0,10.587,0,34,1.25,2.0,1.308,1.0,0.471,1,2,1.0,2.0,742.846,0.0,2092.798,0,6425,0.0,3.0
LaurieWired/GhidraMCP,3,16.333,4.0,24.906,0,45,2.0,24.5,1.667,2.0,0.577,1,2,1.5,2.0,459.0,3.0,792.415,0,1374,1.5,688.5
Vedenin/useful-java-links,263,2.304,2.0,2.489,0,13,1.0,3.0,1.023,1.0,0.15,1,2,1.0,1.0,1.833,0.0,6.857,0,55,0.0,0.0
alipay/SoloPi,1170,4.623,2.0,6.675,0,84,1.0,5.0,1.206,1.0,0.65,1,7,1.0,1.0,13.136,0.0,70.342,0,1237,0.0,1.0
LandGrey/SpringBootVulExploit,14,3.429,3.0,2.954,0,11,2.0,4.0,1.0,1.0,0.0,1,1,1.0,1.0,3.571,0.0,7.449,0,20,0.0,0.0
singwhatiwanna/dynamic-load-apk,62,5.806,3.0,6.249,0,26,1.0,9.75,1.452,1.0,0.803,1,4,1.0,2.0,9.419,0.0,30.008,0,171,0.0,6.0
pedrovgs/EffectiveAndroidUI,73,4.438,3.0,4.649,0,20,1.0,7.0,1.342,1.0,0.628,1,3,1.0,2.0,11.616,1.0,27.728,0,145,0.0,8.0
graphhopper/graphhopper,1359,6.756,4.0,8.57,0,100,2.0,8.0,1.26,1.0,0.675,1,8,1.0,1.0,32.996,1.0,175.857,0,4184,0.0,6.0
rey5137/material,305,6.511,3.0,7.982,0,66,1.0,9.0,1.646,1.0,1.195,1,9,1.0,2.0,54.495,1.0,190.824,0,2373,0.0,18.0
google/physical-web,156,4.788,3.0,5.568,0,34,2.0,5.25,1.288,1.0,0.557,1,3,1.0,1.0,26.712,0.0,209.175,0,2585,0.0,3.0
obsidiandynamics/kafdrop,100,5.52,3.0,7.569,0,50,1.0,6.25,1.32,1.0,0.851,1,4,1.0,1.0,28.21,0.0,130.289,0,1009,0.0,3.0
vavr-io/vavr,698,8.206,5.0,10.538,0,157,2.0,10.0,1.254,1.0,0.874,1,10,1.0,1.0,1070.457,1.0,9125.91,0,204480,0.0,28.0
wyouflf/xUtils3,218,5.225,3.0,5.356,0,33,2.0,7.0,1.408,1.0,0.882,1,6,1.0,1.75,27.45,2.0,102.754,0,1246,0.0,12.5
robolectric/robolectric,3976,5.932,4.0,6.695,0,97,2.0,7.0,1.367,1.0,1.208,1,47,1.0,2.0,72.473,0.0,629.823,0,21690,0.0,6.0
btraceio/btrace,768,4.913,4.0,5.027,0,40,1.0,7.0,1.303,1.0,0.868,1,9,1.0,1.0,92.544,0.0,1538.703,0,41035,0.0,1.0
liyifeng1994/ssm,19,4.158,2.0,5.357,0,19,1.0,5.0,1.684,1.0,1.108,1,4,1.0,2.0,2.053,1.0,3.257,0,12,0.0,3.0
apache/hudi,4557,9.197,6.0,10.31,0,111,2.0,13.0,1.58,1.0,1.016,1,17,1.0,2.0,60.139,1.0,978.797,0,62251,0.0,10.0
springfox/springfox,1136,5.702,3.0,7.651,0,78,1.0,7.0,1.121,1.0,0.397,1,4,1.0,1.0,23.253,0.0,151.292,0,3321,0.0,6.0
prolificinteractive/material-calendarview,88,6.455,4.0,7.561,0,57,3.0,8.0,1.534,1.0,0.726,1,4,1.0,2.0,69.011,0.0,531.317,0,4964,0.0,1.0
google/google-java-format,165,5.727,4.0,10.125,0,116,1.0,7.0,1.424,1.0,0.864,1,6,1.0,1.0,66.8,1.0,361.971,0,3688,0.0,15.0
CeuiLiSA/Pixiv-Shaft,1035,4.798,3.0,5.837,0,69,2.0,5.0,1.45,1.0,1.114,1,6,1.0,1.0,25.04,0.0,253.763,0,6437,0.0,3.0
antoniolg/androidmvp,14,3.286,2.0,3.771,0,10,0.0,6.0,1.286,1.0,0.469,1,2,1.0,1.75,3.0,0.0,4.641,0,14,0.0,5.25
weibocom/motan,844,5.942,4.0,5.751,0,30,1.0,9.0,1.435,1.0,0.819,1,7,1.0,2.0,32.718,1.0,155.314,0,3132,0.0,10.0
WeiYe-Jing/datax-web,317,5.041,3.0,5.42,0,35,2.0,7.0,1.388,1.0,0.683,1,5,1.0,2.0,13.24,0.0,64.059,0,943,0.0,3.0
journeyapps/zxing-android-embedded,96,5.438,4.0,5.69,0,34,2.0,7.0,1.365,1.0,0.682,1,5,1.0,2.0,21.917,1.0,88.319,0,789,0.0,9.0
ZhongFuCheng3y/austin,348,6.23,5.0,5.075,0,33,3.0,8.0,1.124,1.0,0.378,1,4,1.0,1.0,1.451,0.0,5.117,0,55,0.0,1.0
lets-blade/blade,307,4.622,3.0,5.954,0,52,1.0,5.0,1.235,1.0,0.774,1,5,1.0,1.0,42.156,0.0,185.467,0,2211,0.0,6.0
amitshekhariitbhu/Fast-Android-Networking,575,3.219,2.0,4.596,0,53,1.0,3.0,1.25,1.0,1.126,1,18,1.0,1.0,13.769,1.0,100.482,0,1866,0.0,3.0
JSQLParser/JSqlParser,815,6.358,4.0,13.705,0,180,2.0,6.0,1.545,1.0,0.895,1,6,1.0,2.0,513.747,1.0,8223.244,0,229363,0.0,21.0
youtube/api-samples,42,6.405,7.0,4.412,0,16,1.0,9.75,1.0,1.0,0.0,1,1,1.0,1.0,4.381,0.0,9.848,0,48,0.0,3.0
ffay/lanproxy,63,4.238,3.0,3.888,0,17,1.0,6.0,1.19,1.0,0.503,1,4,1.0,1.0,8.206,0.0,27.17,0,197,0.0,4.0
Nightonke/BoomMenu,115,5.635,4.0,6.749,0,55,2.0,8.0,1.574,1.0,0.849,1,5,1.0,2.0,227.67,0.0,2078.288,0,22268,0.0,6.0
apache/hive,20363,6.9,4.0,12.7,0,850,2.0,8.0,1.413,1.0,1.172,1,47,1.0,2.0,94.117,1.0,2843.141,0,364231,0.0,6.0
yarolegovich/DiscreteScrollView,105,4.229,2.0,4.818,0,25,1.0,5.0,1.248,1.0,0.455,1,3,1.0,1.0,19.114,0.0,101.517,0,995,0.0,3.0
JakeWharton/DiskLruCache,12,3.25,2.5,2.989,0,10,1.0,5.25,1.333,1.0,0.778,1,3,1.0,1.0,11.0,3.0,25.591,0,91,0.0,7.0
dmytrodanylyk/circular-progress-button,39,3.974,2.0,4.374,0,22,2.0,6.0,1.282,1.0,0.51,1,3,1.0,1.5,25.333,0.0,131.913,0,824,0.0,1.0
TeamAmaze/AmazeFileManager,443,7.305,4.0,10.725,0,110,2.0,9.0,1.449,1.0,0.988,1,10,1.0,2.0,28.84,0.0,166.952,0,2622,0.0,6.0
jeequan/jeepay,550,8.853,7.0,7.504,0,34,2.0,13.0,1.784,2.0,0.863,1,4,1.0,2.0,4.291,0.0,28.894,0,626,0.0,1.0
k0shk0sh/FastHub,934,8.074,5.0,7.859,0,52,2.0,11.0,1.438,1.0,0.684,1,6,1.0,2.0,34.757,1.0,131.603,0,2510,0.0,17.5
Devlight/InfiniteCycleViewPager,41,5.049,3.0,6.484,0,34,1.0,7.0,1.634,2.0,0.888,1,6,1.0,2.0,102.537,0.0,513.513,0,3224,0.0,3.0
jpush/aurora-imui,342,4.807,2.5,7.042,0,64,1.0,6.0,1.529,1.0,1.436,1,21,1.0,2.0,50.269,0.0,407.501,0,6543,0.0,5.75
yanzhenjie/SwipeRecyclerView,275,4.847,3.0,5.246,0,35,1.0,8.0,1.389,1.0,0.836,1,6,1.0,1.0,26.942,0.0,115.439,0,1007,0.0,3.0
dromara/lamp-cloud,820,7.733,7.0,6.001,0,71,3.0,11.0,1.278,1.0,0.456,1,4,1.0,2.0,7.151,0.0,34.164,0,683,0.0,3.0
springside/springside4,315,3.165,2.0,3.38,0,19,1.0,4.0,1.276,1.0,0.804,1,6,1.0,1.0,24.784,1.0,109.011,0,1225,0.0,8.5
jagrosh/MusicBot,93,6.742,5.0,6.908,0,54,3.0,8.0,2.505,3.0,1.845,1,14,1.0,3.0,10.591,1.0,63.064,0,603,0.0,1.0
wasabeef/Blurry,14,5.143,3.5,4.538,0,14,2.0,8.0,1.0,1.0,0.0,1,1,1.0,1.0,0.643,0.0,1.598,0,6,0.0,0.75
JakeWharton/u2020,134,6.216,4.0,8.088,0,61,2.0,7.0,1.425,1.0,0.817,1,7,1.0,2.0,23.619,0.5,184.588,0,2118,0.0,4.0
crazycodeboy/react-native-splash-screen,12,3.417,2.5,2.968,0,11,1.75,4.25,1.25,1.0,0.452,1,2,1.0,1.25,2.0,0.5,2.697,0,8,0.0,3.0
Suwayomi/Suwayomi-Server,408,5.551,2.0,10.463,0,132,1.0,6.0,1.625,1.0,1.475,1,17,1.0,2.0,1509.539,1.0,21703.834,0,435705,0.0,36.0
hanks-zyh/HTextView,91,4.198,2.0,4.08,0,21,1.0,6.0,1.56,1.0,0.763,1,3,1.0,2.0,3.484,0.0,8.563,0,63,0.0,4.0
redis/lettuce,2025,6.31,4.0,8.409,0,142,2.0,8.0,1.393,1.0,0.947,1,20,1.0,2.0,166.445,0.0,3409.077,0,150426,0.0,10.0
JanusGraph/janusgraph,1896,7.016,4.0,10.04,0,131,2.0,9.0,1.443,1.0,0.843,1,11,1.0,2.0,43.9,1.0,663.485,0,28191,0.0,10.0
daimajia/AndroidImageSlider,63,4.063,2.0,7.08,0,41,1.0,4.0,1.571,1.0,0.777,1,6,1.0,2.0,59.095,1.0,361.21,0,2844,0.0,2.0
meefik/linuxdeploy,37,7.162,5.0,7.452,0,38,3.0,8.0,1.649,2.0,0.484,1,2,1.0,2.0,35.892,3.0,119.326,0,704,0.0,21.0
ElderDrivers/EdXposed,920,6.065,4.0,6.955,0,61,2.0,8.0,1.603,1.0,1.049,1,13,1.0,2.0,191.078,1.0,2193.772,0,45451,0.0,10.0
TommyLemon/Android-ZBLibrary,318,5.377,3.0,6.411,0,48,1.0,7.0,1.56,1.0,1.033,1,5,1.0,2.0,26.667,0.0,131.611,0,2113,0.0,6.0
hongyangAndroid/FlowLayout,34,4.324,3.0,3.812,0,16,2.0,6.75,1.412,1.0,0.557,1,3,1.0,2.0,5.0,0.0,16.008,0,69,0.0,1.0
amlcurran/ShowcaseView,65,5.385,5.0,5.592,0,36,2.0,6.0,1.4,1.0,0.68,1,4,1.0,2.0,17.815,0.0,118.875,0,960,0.0,3.0
baidu/uid-generator,25,2.88,1.0,3.383,0,10,0.0,6.0,1.28,1.0,0.737,1,4,1.0,1.0,11.72,1.0,21.199,0,91,0.0,17.0
knightliao/disconf,425,4.438,3.0,5.13,0,32,1.0,6.0,1.358,1.0,0.829,1,7,1.0,1.0,12.616,0.0,68.215,0,1205,0.0,3.0
nhaarman/ListViewAnimations,137,6.474,5.0,5.501,0,31,3.0,8.0,2.058,2.0,1.235,1,6,1.0,3.0,10.46,0.0,45.058,0,391,0.0,3.0
00-Evan/shattered-pixel-dungeon,2680,6.342,4.0,9.289,0,189,2.0,8.0,2.849,2.0,2.934,1,92,1.0,4.0,13.917,1.0,99.136,0,3238,0.0,6.0
danikula/AndroidVideoCache,77,4.831,3.0,4.892,0,18,1.0,7.0,1.494,1.0,0.661,1,4,1.0,2.0,14.325,1.0,34.245,0,219,0.0,11.0
emilsjolander/StickyListHeaders,43,4.814,3.0,6.95,0,41,1.5,4.5,1.395,1.0,0.66,1,3,1.0,2.0,3.977,0.0,15.53,0,100,0.0,1.0
wuhaoyu1990/MagicCamera,352,3.543,3.0,4.989,0,51,1.0,4.0,1.466,1.0,0.683,1,8,1.0,2.0,7.631,0.0,33.22,0,395,0.0,7.0
alibaba/jetcache,446,6.034,4.0,6.504,0,39,1.0,8.0,1.637,1.0,1.101,1,6,1.0,2.0,15.908,0.0,111.449,0,2212,0.0,3.0
sockeqwe/mosby,662,5.381,3.0,5.684,0,39,2.0,7.0,1.612,1.0,1.228,1,10,1.0,2.0,9.637,0.0,27.976,0,279,0.0,4.0
scribejava/scribejava,494,4.209,3.0,3.988,0,23,1.0,7.0,1.401,1.0,0.784,1,6,1.0,2.0,10.935,1.0,89.915,0,1910,0.0,4.0
alibaba/freeline,135,3.8,3.0,4.624,0,32,1.0,4.0,1.607,1.0,1.507,1,14,1.0,2.0,13.867,1.0,63.537,0,656,0.0,3.0
201206030/novel,202,4.416,2.0,5.519,0,46,1.0,6.0,1.069,1.0,0.338,1,4,1.0,1.0,20.485,0.0,67.182,0,700,0.0,2.75
KeepSafe/TapTargetView,39,4.513,2.0,7.071,0,40,1.0,5.0,1.154,1.0,0.432,1,3,1.0,1.0,49.897,0.0,246.55,0,1513,0.0,3.0
dm77/barcodescanner,73,5.288,2.0,6.264,0,24,1.0,8.0,1.644,1.0,0.856,1,5,1.0,2.0,11.822,0.0,32.826,0,165,0.0,1.0
Jasonchenlijian/FastBle,105,4.381,2.0,5.917,0,34,1.0,5.0,1.295,1.0,0.57,1,4,1.0,1.0,26.067,0.0,184.245,0,1867,0.0,3.0
motianhuo/wechat,635,5.235,3.0,7.265,0,75,1.0,7.0,1.25,1.0,0.707,1,6,1.0,1.0,15.454,0.0,96.532,0,1570,0.0,4.0
ddd-by-examples/library,123,6.789,5.0,5.611,0,29,3.0,9.0,1.041,1.0,0.297,1,4,1.0,1.0,5.431,0.0,23.41,0,231,0.0,1.0
facebookarchive/rebound,87,4.379,2.0,5.631,0,30,1.0,5.0,1.322,1.0,0.581,1,3,1.0,2.0,34.931,0.0,238.104,0,2204,0.0,3.5
socketio/socket.io-client-java,229,1.921,1.0,2.799,0,22,0.0,2.0,1.096,1.0,0.418,1,4,1.0,1.0,4.253,0.0,34.096,0,372,0.0,0.0
apache/hbase,11526,8.171,5.0,10.89,0,410,2.0,11.0,1.497,1.0,1.595,1,116,1.0,2.0,69.446,1.0,871.406,0,35098,0.0,6.0
houbb/sensitive-word,225,3.04,2.0,3.597,0,40,1.0,4.0,1.173,1.0,0.483,1,4,1.0,1.0,20.791,0.0,153.851,0,1486,0.0,1.0
strimzi/strimzi-kafka-operator,1435,11.281,8.0,13.41,0,121,3.0,14.0,1.496,1.0,0.886,1,15,1.0,2.0,45.922,1.0,286.335,0,8882,0.0,15.0
mik3y/usb-serial-for-android,66,6.197,4.0,7.393,0,41,2.0,7.0,1.318,1.0,0.636,1,5,1.0,2.0,38.97,1.0,106.813,0,604,0.0,8.75
Evernote/android-job,189,6.995,4.0,6.055,0,27,2.0,11.0,1.767,1.0,2.349,1,30,1.0,2.0,32.005,1.0,135.395,0,1653,0.0,10.0
apache/groovy,2823,5.235,3.0,9.953,0,300,1.0,6.0,2.141,1.0,4.134,1,106,1.0,2.0,419.429,1.0,11807.417,0,602251,0.0,9.0
facebookarchive/shimmer-android,7,8.571,9.0,6.655,1,17,3.0,13.5,1.857,2.0,0.69,1,3,1.5,2.0,18.0,10.0,24.481,0,65,0.5,25.0
ikarus23/MifareClassicTool,33,11.091,9.0,10.366,0,39,1.0,17.0,2.273,3.0,0.911,1,3,1.0,3.0,106.03,3.0,397.907,0,2269,0.0,37.0
spring-projects/spring-data-examples,6637,2.621,2.0,1.613,0,20,2.0,3.0,1.009,1.0,0.119,1,4,1.0,1.0,0.466,0.0,2.292,0,120,0.0,1.0
jgilfelt/SystemBarTint,9,8.0,7.0,5.172,2,19,6.0,8.0,1.778,2.0,0.667,1,3,1.0,2.0,22.556,1.0,37.189,0,88,0.0,29.0
commonsguy/cw-omnibus,1944,5.268,4.0,4.953,0,49,2.0,7.0,1.685,2.0,0.831,1,10,1.0,2.0,20.076,0.0,131.696,0,3221,0.0,3.0
h6ah4i/android-advancedrecyclerview,395,6.605,4.0,7.13,0,44,2.0,8.0,2.408,2.0,2.212,1,25,1.0,3.0,32.023,0.0,194.659,0,3560,0.0,11.0
coobird/thumbnailator,223,4.063,2.0,4.851,0,43,1.0,6.0,1.238,1.0,0.712,1,7,1.0,1.0,93.552,0.0,853.303,0,12400,0.0,3.0
osmandapp/OsmAnd,6039,8.74,5.0,10.922,0,123,2.0,12.0,1.613,1.0,1.423,1,59,1.0,2.0,106.573,1.0,598.468,0,20966,0.0,22.0
XRecyclerView/XRecyclerView,166,3.91,2.0,4.847,0,38,1.0,6.0,1.422,1.0,0.605,1,4,1.0,2.0,9.042,0.0,63.091,0,770,0.0,1.0
mybatis/generator,644,7.809,5.0,7.745,0,66,3.0,11.0,1.96,2.0,1.054,1,7,1.0,3.0,88.085,3.0,450.662,0,6903,0.0,10.0
LFDT-web3j/web3j,1262,4.274,2.0,8.766,0,110,0.0,5.0,1.737,1.0,1.683,1,46,1.0,2.0,35.273,0.0,211.485,0,3321,0.0,3.0
google/google-authenticator,61,3.885,2.0,5.05,0,29,1.0,5.0,1.689,1.0,1.311,1,9,1.0,2.0,29.656,1.0,90.157,0,606,0.0,15.0
evant/gradle-retrolambda,25,4.6,3.0,3.606,0,9,1.0,8.0,1.04,1.0,0.2,1,2,1.0,1.0,2.16,0.0,9.008,0,45,0.0,0.0
CaffeineMC/sodium,665,6.129,4.0,6.945,0,79,2.0,8.0,1.439,1.0,2.348,1,56,1.0,1.0,13.582,1.0,62.564,0,1109,0.0,6.0
xxv/android-lifecycle,6,7.0,7.5,5.215,0,13,3.25,11.0,1.667,2.0,0.516,1,2,1.25,2.0,151.667,190.0,121.958,0,276,48.25,237.25
yixia/VitamioBundle,101,4.95,3.0,6.11,0,37,1.0,6.0,1.317,1.0,0.599,1,4,1.0,2.0,75.069,0.0,589.271,0,5881,0.0,6.0
zfdang/Android-Touch-Helper,55,4.127,3.0,5.171,0,30,2.0,4.0,1.182,1.0,0.389,1,2,1.0,1.0,1.945,0.0,8.445,0,53,0.0,0.0
alibaba/QLExpress,330,5.867,3.0,10.934,0,165,1.0,7.0,1.409,1.0,0.642,1,6,1.0,2.0,38.994,2.0,286.585,0,4579,0.0,10.0
cinit/QAuxiliary,518,7.651,5.0,7.883,0,58,2.0,10.75,1.324,1.0,0.566,1,5,1.0,2.0,42.28,1.0,255.704,0,3977,0.0,15.0
lingochamp/okdownload,343,6.443,4.0,6.847,0,37,1.0,10.0,1.265,1.0,0.778,1,6,1.0,1.0,35.259,0.0,204.234,0,2970,0.0,6.5
thinkaurelius/titan,1594,5.864,3.0,8.653,0,109,2.0,6.0,1.37,1.0,0.806,1,7,1.0,1.0,20.506,1.0,117.232,0,3309,0.0,6.0
Yalantis/Side-Menu.Android,18,3.889,2.0,5.201,0,20,1.0,3.0,1.222,1.0,0.428,1,2,1.0,1.0,4.111,0.0,10.476,0,44,0.0,3.0
razerdp/BasePopup,568,5.887,3.0,6.571,0,59,1.0,8.0,1.695,1.0,1.209,1,10,1.0,2.0,34.294,1.0,226.372,0,4095,0.0,6.0
Doikki/DKVideoPlayer,377,5.326,2.0,6.287,0,35,1.0,7.0,1.592,1.0,0.846,1,6,1.0,2.0,46.753,0.0,392.834,0,6720,0.0,8.0
liquibase/liquibase,1742,6.833,4.0,7.595,0,70,2.0,9.0,1.796,2.0,0.914,1,7,1.0,2.0,65.465,3.0,560.201,0,13252,0.0,13.0
lucasr/twoway-view,51,6.078,4.0,5.793,0,22,2.0,7.5,1.824,1.0,1.212,1,6,1.0,2.0,86.588,1.0,429.293,0,2936,0.0,4.0
GeyserMC/Geyser,1209,8.239,6.0,10.674,0,178,3.0,10.0,1.965,1.0,1.55,1,10,1.0,2.0,34.642,1.0,465.69,0,14876,0.0,7.0
huangyanbin/smartTable,364,5.126,2.0,7.641,0,54,1.0,5.25,1.19,1.0,0.457,1,4,1.0,1.0,25.929,0.0,203.92,0,3201,0.0,1.0
Karumi/Dexter,80,4.425,3.0,5.253,0,28,1.0,5.25,1.2,1.0,0.56,1,5,1.0,1.0,4.15,0.0,14.592,0,82,0.0,1.0
pmd/pmd,4081,5.727,4.0,8.491,0,163,1.0,7.0,2.053,2.0,2.573,1,143,1.0,3.0,43.452,1.0,592.501,0,24976,0.0,9.0
dunwu/db-tutorial,209,5.206,4.0,5.165,0,46,2.0,7.0,1.182,1.0,0.551,1,5,1.0,1.0,32.608,0.0,181.501,0,2306,0.0,1.0
Clans/FloatingActionButton,47,4.638,2.0,7.376,0,36,1.0,4.0,1.383,1.0,0.768,1,5,1.0,2.0,139.681,0.0,691.844,0,4462,0.0,1.0
citerus/dddsample-core,157,7.089,5.0,6.526,0,33,2.0,11.0,1.127,1.0,0.49,1,4,1.0,1.0,7.032,0.0,23.42,0,190,0.0,3.0
remkop/picocli,2940,3.004,2.0,4.957,0,91,1.0,3.0,1.112,1.0,1.474,1,76,1.0,1.0,58.914,0.0,970.418,0,34452,0.0,0.0
tonikelope/megabasterd,201,2.761,1.0,4.403,0,26,1.0,2.0,1.488,1.0,1.331,1,6,1.0,1.0,85.721,0.0,378.927,0,2717,0.0,1.0
hustcc/JS-Sorting-Algorithm,12,3.583,3.0,3.679,1,15,2.0,3.0,1.0,1.0,0.0,1,1,1.0,1.0,2.833,0.5,4.469,0,15,0.0,3.75
android/views-widgets-samples,152,4.02,2.0,4.271,0,25,1.0,6.0,1.73,1.0,1.185,1,9,1.0,2.0,7.013,0.0,21.033,0,147,0.0,3.25
j-easy/easy-rules,162,5.093,4.0,3.566,0,21,3.0,7.0,1.315,1.0,0.654,1,5,1.0,1.0,7.63,1.0,23.509,0,190,0.0,4.0
careercup/ctci,311,1.958,2.0,1.468,0,8,1.0,3.0,1.119,1.0,0.435,1,5,1.0,1.0,5.096,1.0,17.875,0,276,0.0,6.0
square/otto,85,2.435,1.0,3.13,0,22,1.0,3.0,1.388,1.0,0.874,1,5,1.0,1.0,3.553,0.0,14.621,0,103,0.0,1.0
novicezk/midjourney-proxy,90,5.9,5.0,5.724,0,29,1.0,8.0,1.244,1.0,0.547,1,4,1.0,1.0,5.811,0.0,14.41,0,80,0.0,3.0
Fuzion24/JustTrustMe,27,2.556,1.0,4.449,0,24,1.0,3.0,1.185,1.0,0.483,1,3,1.0,1.0,2.704,0.0,9.067,0,43,0.0,0.0
bitcoinj/bitcoinj,623,7.164,4.0,10.878,0,125,1.0,8.0,1.73,1.0,2.737,1,44,1.0,1.0,89.236,0.0,697.161,0,14304,0.0,7.0
brianfrankcooper/YCSB,236,7.051,3.0,7.548,0,34,1.0,12.0,1.636,1.0,0.751,1,5,1.0,2.0,7.852,0.0,19.52,0,170,0.0,5.0
reactor/reactor-core,2245,7.188,7.0,8.204,0,231,2.0,10.0,1.682,1.0,1.632,1,43,1.0,2.0,121.572,1.0,2142.735,0,95703,0.0,8.0
LWJGL/lwjgl3,9930,6.762,6.0,7.9,0,315,4.0,9.0,2.376,2.0,1.248,1,18,1.0,3.0,970.636,91.0,19646.571,0,1439056,6.0,368.0
fast-excel/fesod,626,6.452,5.0,5.945,0,50,3.0,8.0,1.35,1.0,0.792,1,7,1.0,1.0,29.581,1.0,336.719,0,8040,0.0,6.0
runelite/runelite,3794,3.615,1.0,7.119,0,94,0.0,4.0,1.222,1.0,0.735,1,10,1.0,1.0,25.85,0.0,867.382,0,51997,0.0,0.0
hneemann/Digital,1817,5.048,4.0,5.764,0,84,1.0,7.0,1.684,1.0,1.729,1,36,1.0,2.0,13.246,0.0,95.595,0,2446,0.0,3.0
CellularPrivacy/Android-IMSI-Catcher-Detector,251,5.06,3.0,6.862,0,48,1.0,6.0,1.331,1.0,0.662,1,4,1.0,1.0,4.964,0.0,16.362,0,167,0.0,1.0
zhanglei-workspace/shopping-management-system,97,3.515,3.0,3.591,0,17,1.0,5.0,1.361,1.0,0.664,1,4,1.0,2.0,76.33,3.0,592.769,0,5844,0.0,10.0
jindrapetrik/jpexs-decompiler,4056,5.872,3.0,12.12,0,298,1.0,8.0,1.923,1.0,2.353,1,111,1.0,2.0,57.626,1.0,598.982,0,24329,0.0,10.0
diffplug/spotless,899,4.987,4.0,4.255,0,49,2.0,7.0,1.75,1.0,1.282,1,18,1.0,2.0,13.785,1.0,95.141,0,2420,0.0,6.0
deathmarine/Luyten,129,2.349,1.0,4.124,0,31,0.0,2.0,1.543,1.0,1.591,1,11,1.0,1.0,15.45,0.0,65.418,0,440,0.0,0.0
natario1/CameraView,534,5.597,3.0,8.069,0,91,2.0,7.0,1.375,1.0,0.736,1,7,1.0,2.0,34.762,0.0,335.638,0,6026,0.0,1.0
oshi/oshi,671,5.522,4.0,6.128,0,51,2.0,7.0,1.59,1.0,1.24,1,19,1.0,2.0,31.644,1.0,124.335,0,1548,0.0,10.0
OpenTSDB/opentsdb,958,7.14,4.0,7.678,0,65,2.0,10.0,1.284,1.0,0.801,1,16,1.0,1.0,64.876,0.0,365.983,0,5336,0.0,3.0
wequick/Small,185,3.805,2.0,4.962,0,29,1.0,4.0,1.476,1.0,0.828,1,7,1.0,2.0,20.168,0.0,143.298,0,1717,0.0,1.0
xuexiangjys/XUI,1657,5.733,3.0,6.436,0,53,2.0,8.0,1.659,1.0,0.945,1,9,1.0,2.0,52.71,1.0,352.065,0,8534,0.0,9.0
Exrick/xpay,21,6.429,5.0,6.882,0,31,2.0,10.0,1.0,1.0,0.0,1,1,1.0,1.0,93.429,1.0,288.505,0,1274,0.0,28.0
killbill/killbill,2443,8.661,6.0,10.08,0,107,3.0,11.0,1.795,1.0,1.101,1,8,1.0,2.0,28.247,1.0,123.989,0,2522,0.0,7.0
youlookwhat/DesignPattern,197,2.538,2.0,3.609,0,34,1.0,3.0,1.279,1.0,0.45,1,2,1.0,2.0,1.426,0.0,4.556,0,43,0.0,1.0
jankotek/mapdb,263,3.24,2.0,4.116,0,43,1.0,5.0,2.023,1.0,3.553,1,54,1.0,2.0,81.848,0.0,452.759,0,5050,0.0,10.0
yipianfengye/android-zxingLibrary,52,4.712,3.0,5.71,0,28,1.0,5.0,1.327,1.0,0.585,1,3,1.0,2.0,5.635,0.0,15.309,0,86,0.0,1.0
Trinea/android-common,110,4.436,3.0,4.229,0,22,2.0,6.0,1.245,1.0,0.623,1,4,1.0,1.0,43.064,1.0,150.885,0,1417,0.0,24.5
tianshiyeben/wgcloud,118,6.042,3.0,7.75,0,55,1.25,9.0,1.195,1.0,0.398,1,2,1.0,1.0,34.542,9.5,49.618,0,209,0.0,53.75
rubensousa/GravitySnapHelper,8,6.375,4.5,5.878,0,18,2.75,8.75,1.75,1.5,0.886,1,3,1.0,2.25,57.875,1.0,154.096,0,439,0.0,8.5
2227324689/gpmall,424,4.979,3.0,5.964,0,37,2.0,5.0,1.361,1.0,0.645,1,5,1.0,2.0,8.17,0.0,43.341,0,665,0.0,1.0
youlookwhat/CloudReader,492,4.75,3.0,5.517,0,44,1.0,6.0,1.455,1.0,0.923,1,10,1.0,2.0,19.413,0.0,84.247,0,989,0.0,6.0
DingMouRen/LayoutManagerGroup,63,4.952,3.0,4.327,0,17,2.0,6.5,1.571,2.0,0.53,1,3,1.0,2.0,9.143,0.0,38.802,0,304,0.0,3.0
orhanobut/dialogplus,29,5.241,3.0,6.294,1,28,2.0,7.0,1.034,1.0,0.186,1,2,1.0,1.0,57.862,0.0,255.175,0,1380,0.0,3.0
killme2008/aviatorscript,524,4.635,3.0,6.711,0,118,1.0,6.0,1.498,1.0,0.776,1,5,1.0,2.0,60.983,1.0,379.857,0,5122,0.0,3.0
spring-attic/spring-mvc-showcase,58,5.172,5.0,3.686,0,19,2.0,6.75,1.207,1.0,0.45,1,3,1.0,1.0,9.448,0.0,23.868,0,150,0.0,6.0
apache/ignite,21069,5.626,3.0,8.882,0,213,1.0,7.0,1.654,1.0,1.387,1,59,1.0,2.0,494.402,0.0,64508.439,0,9363046,0.0,4.0
alibaba/UltraViewPager,24,5.208,2.0,6.852,0,25,1.0,6.25,1.375,1.0,0.495,1,2,1.0,2.0,58.375,0.0,124.882,0,446,0.0,11.0
JodaOrg/joda-time,557,8.578,6.0,8.19,0,78,3.0,13.0,2.284,2.0,1.872,1,17,1.0,3.0,295.294,10.0,784.565,0,6909,1.0,178.0
frogermcs/InstaMaterial,80,4.788,2.0,6.378,0,34,1.0,5.25,1.538,1.0,0.856,1,4,1.0,2.0,9.938,0.0,29.582,0,216,0.0,6.0
bisq-network/bisq,3715,7.496,4.0,9.473,0,116,2.0,10.0,1.75,1.0,1.169,1,18,1.0,2.0,30.017,0.0,362.578,0,18909,0.0,4.0
Devlight/NavigationTabBar,58,4.017,2.0,6.01,0,41,1.0,5.0,1.31,1.0,0.568,1,4,1.0,2.0,57.5,0.5,389.275,0,2964,0.0,3.0
react-native-linear-gradient/react-native-linear-gradient,19,5.158,4.0,3.387,1,12,2.5,7.5,1.632,1.0,0.761,1,3,1.0,2.0,10.684,1.0,23.305,0,94,0.0,4.5
PBH-BTN/PeerBanHelper,619,6.367,4.0,8.024,0,61,2.0,7.0,1.325,1.0,0.703,1,6,1.0,1.0,16.065,0.0,52.413,0,659,0.0,6.0
apache/calcite,5648,7.659,5.0,10.227,0,237,2.0,9.0,1.704,1.0,2.098,1,81,1.0,2.0,384.072,1.0,7973.415,0,365858,0.0,6.0
amitshekhariitbhu/RxJava2-Android-Samples,185,3.665,2.0,4.375,0,37,1.0,4.0,1.254,1.0,0.461,1,3,1.0,1.0,6.286,0.0,41.732,0,561,0.0,6.0
Docile-Alligator/Infinity-For-Reddit,1587,6.933,4.0,10.867,0,110,2.0,8.0,1.552,1.0,2.393,1,87,1.0,2.0,30.851,1.0,314.895,0,6098,0.0,1.0
roncoo/roncoo-pay,394,5.206,3.0,6.222,0,59,1.0,7.0,1.282,1.0,0.657,1,5,1.0,1.0,62.937,3.0,312.8,0,4195,0.0,15.0
lugg/react-native-config,23,4.565,4.0,3.057,1,12,2.0,6.0,1.391,1.0,0.656,1,3,1.0,2.0,1.957,1.0,3.296,0,15,0.0,3.0
traex/RippleEffect,19,3.421,2.0,5.092,0,18,1.0,2.5,1.368,1.0,0.496,1,2,1.0,2.0,23.158,0.0,98.77,0,431,0.0,0.0
querydsl/querydsl,3232,5.203,3.0,6.19,0,81,1.0,7.0,1.987,1.0,2.139,1,23,1.0,2.0,42.901,0.0,572.845,0,19898,0.0,3.0
javastacks/spring-boot-best-practice,176,4.744,4.0,3.442,0,28,2.0,6.0,1.091,1.0,0.343,1,4,1.0,1.0,3.119,0.0,27.044,0,354,0.0,1.0
Ramotion/folding-cell-android,21,4.143,2.0,4.52,0,19,1.0,6.0,1.333,1.0,0.483,1,2,1.0,2.0,13.381,0.0,37.521,0,144,0.0,3.0
DiUS/java-faker,225,4.116,4.0,6.383,0,94,2.0,5.0,1.449,1.0,0.498,1,2,1.0,2.0,40.747,0.0,391.206,0,5827,0.0,6.0
cglib/cglib,498,3.217,1.0,5.344,0,72,0.0,4.0,1.532,1.0,1.159,1,15,1.0,2.0,261.797,0.0,5178.171,0,115440,0.0,3.0
rstudio/rstudio,7008,4.892,2.0,10.01,0,272,1.0,5.0,1.278,1.0,0.634,1,12,1.0,1.0,352.133,0.0,12485.702,0,962578,0.0,6.0
react-native-webrtc/react-native-webrtc,67,6.119,4.0,9.422,0,58,1.0,6.0,1.149,1.0,0.359,1,2,1.0,1.0,8.716,0.0,29.372,0,154,0.0,3.0
allure-framework/allure2,269,6.059,4.0,5.639,0,39,2.0,8.0,1.305,1.0,0.789,1,5,1.0,1.0,11.602,1.0,38.456,0,419,0.0,4.0
Sayi/poi-tl,525,6.493,4.0,7.964,0,63,2.0,8.0,1.206,1.0,0.527,1,4,1.0,1.0,89.655,0.0,1507.197,0,34452,0.0,6.0
reactive-streams/reactive-streams-jvm,459,3.122,3.0,2.646,0,17,1.0,4.0,1.277,1.0,0.798,1,7,1.0,1.0,20.336,0.0,127.962,0,1516,0.0,1.0
nextcloud/android,505,9.293,4.0,14.757,0,125,2.0,10.0,1.687,1.0,1.165,1,10,1.0,2.0,114.489,1.0,693.906,0,10247,0.0,10.0
fuzhengwei/small-spring,375,3.472,2.0,4.017,0,22,1.0,5.0,1.251,1.0,0.828,1,9,1.0,1.0,12.704,0.0,64.737,0,863,0.0,3.0
mcxiaoke/packer-ng-plugin,31,2.806,2.0,2.442,0,10,1.0,4.5,1.387,1.0,0.882,1,4,1.0,1.0,18.645,1.0,41.442,0,188,0.0,12.5
andkulikov/Transitions-Everywhere,193,6.87,5.0,6.074,0,31,3.0,8.0,1.679,1.0,1.346,1,11,1.0,2.0,25.72,0.0,223.419,0,3061,0.0,4.0
claritylab/lucida,268,6.549,5.0,7.544,0,51,2.0,8.0,1.612,1.0,0.869,1,5,1.0,2.0,23.519,1.0,74.216,0,685,0.0,10.0
TheoKanning/openai-java,165,5.388,4.0,8.234,0,81,2.0,6.0,1.085,1.0,0.373,1,4,1.0,1.0,15.552,0.0,182.875,0,2346,0.0,0.0
saiwu-bigkoo/Android-ConvenientBanner,29,4.828,3.0,5.359,0,22,2.0,5.0,1.448,1.0,0.686,1,3,1.0,2.0,7.793,1.0,20.154,0,99,0.0,3.0
ronmamo/reflections,197,2.772,1.0,5.446,0,44,0.0,3.0,1.152,1.0,0.502,1,5,1.0,1.0,13.66,0.0,71.365,0,850,0.0,1.0
tuguangquan/mybatis,1039,3.734,2.0,5.172,0,70,1.0,5.0,1.304,1.0,0.821,1,7,1.0,1.0,21.468,0.0,204.211,0,6149,0.0,6.0
etsy/AndroidStaggeredGrid,36,5.861,3.0,6.586,0,32,2.0,8.25,1.861,1.5,1.417,1,7,1.0,2.0,155.889,0.5,666.973,0,3536,0.0,4.0
kyleduo/SwitchButton,27,4.37,2.0,6.215,0,30,1.0,4.0,1.407,1.0,0.636,1,3,1.0,2.0,82.481,0.0,416.885,0,2168,0.0,0.5
nisrulz/android-tips-tricks,1,1.0,1.0,,1,1,1.0,1.0,1.0,1.0,,1,1,1.0,1.0,0.0,0.0,,0,0,0.0,0.0
firebase/FirebaseUI-Android,284,9.789,7.0,8.418,0,41,4.0,14.25,1.958,1.0,1.668,1,17,1.0,2.0,12.338,1.0,34.471,0,376,0.0,10.0
hongyangAndroid/baseAdapter,50,4.88,3.0,4.856,0,21,2.0,6.0,1.32,1.0,0.551,1,3,1.0,2.0,18.28,0.0,77.353,0,413,0.0,3.0
google/cameraview,72,4.833,3.0,5.313,0,26,2.0,5.0,1.264,1.0,0.581,1,3,1.0,1.0,12.125,0.0,34.167,0,183,0.0,3.25
hansonwang99/Spring-Boot-In-Action,134,3.866,3.0,3.34,0,14,1.0,5.0,1.119,1.0,0.426,1,4,1.0,1.0,6.007,0.0,15.609,0,91,0.0,3.0
micrometer-metrics/micrometer,1938,5.705,4.0,6.567,0,98,2.0,8.0,1.288,1.0,0.654,1,8,1.0,1.0,19.847,0.0,135.926,0,4624,0.0,5.0
zlt2000/microservices-platform,351,6.356,5.0,5.732,0,41,2.0,8.0,1.251,1.0,0.585,1,4,1.0,1.0,6.436,0.0,31.272,0,398,0.0,3.0
jgilfelt/chuck,42,5.833,4.0,6.533,0,27,1.0,9.0,1.381,1.0,0.661,1,4,1.0,2.0,55.738,0.5,281.548,0,1815,0.0,5.5
gsantner/markor,328,6.89,4.0,9.827,0,96,2.0,8.0,1.503,1.0,0.986,1,9,1.0,2.0,132.357,1.0,1009.619,0,12762,0.0,9.0
pardom-zz/ActiveAndroid,62,5.435,3.0,5.542,0,21,2.0,7.0,1.742,1.0,1.023,1,6,1.0,2.0,22.081,3.0,80.108,0,619,0.0,9.75
saysky/ForestBlog,86,5.105,3.0,5.265,0,20,1.0,8.0,1.07,1.0,0.256,1,2,1.0,1.0,12.686,0.0,46.044,0,300,0.0,10.0
SPLWare/esProc,2650,6.682,5.0,7.584,0,87,1.0,9.0,2.171,2.0,1.521,1,18,1.0,3.0,97.737,1.0,877.767,0,23980,0.0,9.0
TGX-Android/Telegram-X,2885,9.469,4.0,19.49,0,409,1.0,10.0,1.423,1.0,0.874,1,11,1.0,2.0,544.428,1.0,8407.717,0,317118,0.0,14.0
stleary/JSON-java,91,3.187,2.0,4.826,0,35,0.0,4.0,1.22,1.0,0.629,1,5,1.0,1.0,365.725,3.0,1570.521,0,10434,0.0,36.0
cjlin1/libsvm,34,3.265,1.5,4.04,0,18,0.25,6.0,1.353,1.0,0.884,1,5,1.0,1.0,19.618,0.0,100.044,0,585,0.0,0.0
wdullaer/MaterialDateTimePicker,73,6.589,5.0,7.414,0,40,2.0,8.0,1.466,1.0,0.625,1,3,1.0,2.0,127.63,1.0,461.745,0,2704,0.0,22.0
Heeexy/SpringBoot-Shiro-Vue,27,5.778,6.0,4.902,0,13,1.0,9.5,1.407,1.0,0.971,1,4,1.0,1.0,9.444,0.0,30.628,0,153,0.0,4.5
deepjavalibrary/djl,1666,6.518,5.0,5.595,0,46,3.0,9.0,1.465,1.0,0.975,1,8,1.0,2.0,132.73,3.0,1683.105,0,41905,0.0,10.0
gabrielemariotti/cardslib,811,5.901,4.0,6.108,0,54,2.0,9.0,2.178,1.0,2.038,1,20,1.0,3.0,18.62,0.0,104.382,0,2512,0.0,6.0
bytedeco/javacpp,215,5.912,5.0,6.982,0,65,1.0,8.5,2.009,2.0,1.242,1,13,1.0,3.0,151.14,1.0,382.457,0,3403,0.0,171.0
romandanylyk/PageIndicatorView,72,5.514,4.0,5.554,0,34,2.0,8.0,1.5,1.0,0.712,1,4,1.0,2.0,22.806,1.0,161.996,0,1377,0.0,3.0
oracle/opengrok,1128,5.352,3.0,6.794,0,77,1.0,6.0,1.638,1.0,1.299,1,7,1.0,2.0,78.878,1.0,1086.038,0,31268,0.0,7.0
SuperMonster003/AutoJs6,1768,5.15,3.0,6.557,0,51,1.0,7.0,1.465,1.0,0.878,1,11,1.0,2.0,37.234,1.0,200.585,0,5451,0.0,10.0
981011512/--,5069,3.542,2.0,7.169,0,371,1.0,4.0,2.911,2.0,52.985,1,3734,1.0,3.0,440.426,0.0,5564.686,0,214143,0.0,1.0
Netflix/ribbon,710,4.386,2.0,5.972,0,50,0.0,6.0,1.266,1.0,0.662,1,6,1.0,1.0,13.377,0.0,99.927,0,1885,0.0,1.0
bepass-org/oblivion,58,5.638,4.0,6.037,0,28,1.0,8.0,1.483,1.0,0.707,1,3,1.0,2.0,11.621,0.5,46.819,0,333,0.0,3.0
apache/rocketmq-externals,275,5.749,4.0,5.901,0,30,2.0,8.0,1.251,1.0,0.559,1,4,1.0,1.0,16.451,0.0,88.281,0,1227,0.0,4.5
yasserg/crawler4j,83,5.277,4.0,5.709,0,38,1.0,8.0,1.313,1.0,0.562,1,3,1.0,2.0,55.892,1.0,331.067,0,2979,0.0,4.5
SplashCodes/JAViewer,179,5.788,4.0,6.352,0,41,2.0,7.0,1.598,1.0,0.915,1,7,1.0,2.0,11.648,0.0,73.795,0,902,0.0,3.0
angryip/ipscan,383,4.987,3.0,4.814,0,34,2.0,6.0,1.666,1.0,1.63,1,24,1.0,2.0,4.151,0.0,12.473,0,124,0.0,2.0
chewiebug/GCViewer,291,5.275,4.0,4.803,0,29,1.5,8.0,2.165,1.0,2.336,1,24,1.0,2.0,49.045,1.0,236.706,0,3248,0.0,14.5
CalebFenton/simplify,311,8.987,8.0,7.413,0,48,4.0,12.0,1.373,1.0,0.768,1,4,1.0,1.0,20.743,0.0,75.981,0,782,0.0,3.0
puniverse/quasar,1349,3.386,2.0,5.108,0,80,1.0,4.0,1.497,1.0,1.171,1,13,1.0,1.0,35.997,0.0,433.681,0,14715,0.0,3.0
rememberber/WePush,276,6.83,2.5,7.896,0,35,1.0,13.0,1.58,1.0,1.469,1,7,1.0,1.0,25.149,1.0,111.704,0,1326,0.0,14.25
chentao0707/SimplifyReader,632,4.557,2.0,7.016,0,75,1.0,5.0,1.388,1.0,0.89,1,7,1.0,1.0,60.294,0.0,341.915,0,4668,0.0,3.25
javagrowing/JGrowing,19,1.526,1.0,1.679,0,7,1.0,1.0,1.0,1.0,0.0,1,1,1.0,1.0,1.947,1.0,4.403,0,19,0.0,1.0
charles2gan/GDA-android-reversing-Tool,16,2.562,2.5,1.459,1,5,1.0,3.0,1.0,1.0,0.0,1,1,1.0,1.0,57.375,0.0,228.168,0,913,0.0,0.25
objectbox/objectbox-java,392,5.128,4.0,5.219,0,28,1.0,7.0,1.755,1.0,1.847,1,30,1.0,2.0,103.661,0.0,485.828,0,5382,0.0,8.25
zhanghai/Douya,1244,5.604,4.0,6.353,0,57,2.0,7.0,1.625,1.0,1.087,1,14,1.0,2.0,28.398,1.0,198.599,0,4950,0.0,10.0
discord-jda/JDA,1343,8.851,6.0,12.414,0,234,4.0,11.0,1.823,1.0,1.189,1,6,1.0,2.0,127.267,3.0,1223.021,0,26792,0.0,21.0
booklore-app/booklore,582,7.947,5.0,7.293,0,49,3.0,12.0,1.038,1.0,0.216,1,4,1.0,1.0,11.588,0.0,56.476,0,703,0.0,1.0
go-lang-plugin-org/go-lang-idea-plugin,1132,8.12,6.0,8.87,0,150,4.0,10.0,2.073,2.0,1.327,1,24,1.0,3.0,110.029,3.0,2012.336,0,65703,0.0,15.0
square/sqlbrite,106,4.698,2.0,5.878,0,33,2.0,6.0,1.358,1.0,0.771,1,6,1.0,2.0,4.302,0.0,27.941,0,287,0.0,1.0
danielzeller/Depth-LIB-Android-,108,3.787,2.0,4.604,0,19,1.0,4.25,1.213,1.0,0.433,1,3,1.0,1.0,13.352,0.0,54.515,0,400,0.0,0.0
jdamcd/android-crop,31,4.29,1.0,5.563,0,22,1.0,5.5,1.387,1.0,0.667,1,3,1.0,2.0,26.484,0.0,80.434,0,396,0.0,6.0
zhkl0228/unidbg,1722,5.255,4.0,6.582,0,114,1.0,7.0,1.607,1.0,1.303,1,34,1.0,2.0,26.631,0.0,238.108,0,5886,0.0,1.0
JZ-Darkal/AndroidHttpCapture,317,4.713,3.0,6.568,0,60,1.0,6.0,1.416,1.0,0.798,1,4,1.0,2.0,37.003,0.0,259.305,0,3640,0.0,7.0
alibaba/dexposed,36,2.917,2.0,3.237,0,13,1.0,4.0,1.694,1.0,1.348,1,6,1.0,2.0,82.833,0.0,424.414,0,2546,0.0,4.0
hussien89aa/AndroidTutorialForBeginners,129,4.512,4.0,4.654,0,31,1.0,6.0,1.496,1.0,0.73,1,4,1.0,2.0,2.744,0.0,6.917,0,55,0.0,2.0
castorflex/SmoothProgressBar,48,4.854,3.0,5.002,0,22,2.0,4.25,1.229,1.0,0.472,1,3,1.0,1.0,26.312,0.0,95.339,0,595,0.0,3.5
ant-media/Ant-Media-Server,1189,5.717,2.0,9.457,0,96,1.0,7.0,1.325,1.0,0.727,1,6,1.0,1.0,183.491,1.0,2599.012,0,86012,0.0,15.0
Flipboard/bottomsheet,68,4.897,3.0,5.908,0,32,2.0,5.25,1.368,1.0,0.667,1,4,1.0,2.0,27.662,0.0,176.516,0,1453,0.0,0.25
tiann/epic,149,3.228,3.0,5.288,0,61,1.0,4.0,1.624,1.0,0.826,1,3,1.0,2.0,30.396,1.0,219.899,0,2624,0.0,3.0
azkaban/azkaban,1283,6.472,4.0,8.118,0,92,1.5,8.0,1.352,1.0,0.797,1,6,1.0,1.0,35.84,1.0,172.518,0,2548,0.0,10.0
phishman3579/java-algorithms-implementation,439,3.711,3.0,3.663,0,47,2.0,4.0,1.583,1.0,2.173,1,41,1.0,2.0,7.05,0.0,24.608,0,272,0.0,3.0
HotBitmapGG/bilibili-android-client,559,4.921,3.0,6.314,0,48,1.0,6.0,1.818,1.0,1.171,1,6,1.0,3.0,42.791,3.0,173.103,0,3080,0.0,20.0
zongzibinbin/MallChat,444,6.236,5.0,6.557,0,62,2.0,8.0,1.203,1.0,0.465,1,4,1.0,1.0,4.439,0.0,14.947,0,153,0.0,1.0
JakeWharton/NineOldAndroids,138,4.29,2.0,4.358,0,19,2.0,6.0,1.435,1.0,0.714,1,4,1.0,2.0,30.145,0.0,108.072,0,788,0.0,3.0
Meituan-Dianping/Robust,42,3.524,2.0,3.624,0,13,1.0,6.0,1.262,1.0,0.544,1,3,1.0,1.0,17.357,3.5,35.649,0,136,0.0,14.5
h2database/h2database,1674,6.017,4.0,10.482,0,258,2.0,7.0,2.058,2.0,1.535,1,35,1.0,3.0,176.35,3.0,1600.458,0,46881,0.0,25.75
linhaojun857/aurora,299,7.288,6.0,6.592,0,41,4.0,8.0,1.117,1.0,0.361,1,4,1.0,1.0,7.258,0.0,80.09,0,1378,0.0,0.0
janishar/android-mvp-architecture,146,5.815,3.0,6.531,0,38,2.0,7.0,1.384,1.0,0.807,1,5,1.0,1.0,14.11,0.0,36.024,0,264,0.0,8.0
square/android-times-square,47,4.553,4.0,5.656,0,27,1.0,5.0,1.234,1.0,0.598,1,4,1.0,1.0,25.872,0.0,134.509,0,921,0.0,0.0
dreamhead/moco,577,5.82,5.0,5.758,0,71,2.0,8.0,1.539,1.0,0.853,1,7,1.0,2.0,34.657,1.0,360.831,0,7748,0.0,3.0
water8394/flink-recommandSystem-demo,77,3.727,3.0,3.779,0,16,1.0,5.0,1.078,1.0,0.27,1,2,1.0,1.0,6.403,1.0,15.621,0,88,0.0,3.0
Tencent/GT,1050,3.903,2.0,5.139,0,49,1.0,5.0,1.295,1.0,0.66,1,6,1.0,1.0,13.67,0.0,80.569,0,1793,0.0,1.0
jacoco/jacoco,940,4.259,3.0,4.442,0,38,1.0,6.0,1.432,1.0,0.697,1,7,1.0,2.0,12.623,0.0,80.034,0,1498,0.0,3.0
IoT-Technology/IoT-Technical-Guide,294,4.085,3.0,4.327,0,27,1.0,5.0,1.248,1.0,0.492,1,4,1.0,1.0,3.163,0.0,12.064,0,128,0.0,1.0
airbnb/DeepLinkDispatch,25,6.28,5.0,5.248,0,19,2.0,8.0,1.48,1.0,0.51,1,2,1.0,2.0,88.64,0.0,256.627,0,977,0.0,1.0
Freeyourgadget/Gadgetbridge,4395,5.38,3.0,8.631,0,272,1.0,7.0,1.834,2.0,1.443,1,55,1.0,2.0,38.694,0.0,335.389,0,9316,0.0,6.0
apache/shiro,1024,5.024,3.0,5.21,0,39,1.0,7.0,1.786,1.0,1.611,1,11,1.0,2.0,19.72,1.0,80.232,0,1344,0.0,6.0
robinhood/ticker,31,4.613,4.0,4.759,0,26,2.0,6.0,1.323,1.0,0.702,1,4,1.0,1.0,27.613,0.0,110.131,0,611,0.0,5.5
flutter-webrtc/flutter-webrtc,90,6.633,3.0,11.485,0,72,1.0,7.0,1.222,1.0,0.683,1,5,1.0,1.0,36.656,0.0,211.177,0,1512,0.0,3.0
Ashok-Varma/BottomNavigation,30,7.533,5.5,7.816,0,33,2.0,10.0,1.433,1.0,0.728,1,4,1.0,2.0,69.267,4.5,162.136,0,854,0.25,61.5
awangdev/leet-code,81,2.025,2.0,1.897,0,8,1.0,3.0,1.0,1.0,0.0,1,1,1.0,1.0,1.086,0.0,2.955,0,15,0.0,0.0
pytorch/serve,251,5.801,3.0,7.264,0,36,1.0,8.0,1.466,1.0,0.9,1,5,1.0,2.0,63.916,3.0,327.665,0,3714,0.0,18.0
eirslett/frontend-maven-plugin,99,5.596,3.0,6.246,0,45,1.0,9.0,1.727,1.0,0.946,1,4,1.0,3.0,7.051,1.0,28.254,0,270,0.0,6.0
mywalkb/LSPosed_mod,447,5.575,3.0,7.231,0,46,1.0,7.0,1.624,1.0,1.264,1,16,1.0,2.0,50.201,0.0,327.87,0,4250,0.0,3.0
jeasonlzy/ImagePicker,76,5.829,3.0,6.27,0,29,2.0,9.0,1.487,1.0,0.774,1,4,1.0,2.0,23.079,0.0,115.57,0,873,0.0,5.25
bingoogolapple/BGARefreshLayout-Android,162,5.148,3.0,5.571,0,24,2.0,6.0,1.407,1.0,0.752,1,4,1.0,2.0,9.796,1.0,42.536,0,376,0.0,2.5
crate/crate,7558,7.572,5.0,10.921,0,470,2.0,9.0,1.642,1.0,0.961,1,15,1.0,2.0,48.889,1.0,668.647,0,34451,0.0,6.0
Snailclimb/guide-rpc-framework,95,4.621,4.0,3.923,0,21,2.0,6.5,1.211,1.0,0.651,1,4,1.0,1.0,1.189,0.0,3.642,0,26,0.0,1.0
ThirtyDegreesRay/OpenHub,656,6.756,4.0,7.582,0,48,2.0,8.0,1.633,1.0,1.182,1,9,1.0,2.0,32.928,1.0,130.036,0,2194,0.0,10.0
mcxiaoke/android-volley,132,5.091,3.0,5.391,0,27,1.0,8.0,1.894,1.0,2.758,1,31,1.0,2.0,15.818,0.0,94.17,0,1056,0.0,4.5
failsafe-lib/failsafe,238,6.387,6.0,5.354,0,29,2.0,9.0,2.063,1.0,1.743,1,12,1.0,2.0,19.176,1.0,56.379,0,528,0.0,10.0
brianway/java-learning,753,1.085,1.0,1.124,0,6,0.0,1.0,1.287,1.0,0.513,1,4,1.0,2.0,0.596,0.0,2.923,0,45,0.0,0.0
ongakuer/CircleIndicator,45,6.511,5.0,5.142,0,23,2.0,10.0,1.622,2.0,0.684,1,3,1.0,2.0,8.511,1.0,22.812,0,141,0.0,3.0
201206030/novel-plus,409,6.479,3.0,7.299,0,50,2.0,9.0,1.21,1.0,0.464,1,4,1.0,1.0,46.628,1.0,124.411,0,1274,0.0,28.0
jitsi/jitsi,3217,5.439,3.0,8.258,0,122,1.0,6.0,1.901,1.0,2.531,1,103,1.0,2.0,39.371,0.0,211.328,0,5643,0.0,9.0
grantland/android-autofittextview,8,5.375,4.0,5.153,0,16,2.5,6.75,1.375,1.0,0.518,1,2,1.0,2.0,40.75,1.5,107.671,0,307,0.0,5.5
google/open-location-code,67,4.955,3.0,6.294,0,29,1.0,6.0,1.179,1.0,0.458,1,3,1.0,1.0,4.552,0.0,11.361,0,49,0.0,1.0
s4kibs4mi/java-developer-roadmap,1,0.0,0.0,,0,0,0.0,0.0,1.0,1.0,,1,1,1.0,1.0,0.0,0.0,,0,0,0.0,0.0
jboss-javassist/javassist,1110,3.388,1.0,5.896,0,60,0.0,4.0,1.553,1.0,1.354,1,19,1.0,2.0,43.908,0.0,313.852,0,5531,0.0,3.0
mybatis/spring-boot-starter,175,4.52,4.0,6.404,0,68,2.0,5.0,1.223,1.0,0.516,1,4,1.0,1.0,16.177,0.0,153.054,0,2016,0.0,1.0
ChadCSong/ShineButton,24,4.833,2.0,5.7,0,22,1.0,7.0,1.625,1.0,0.824,1,4,1.0,2.0,23.625,0.0,94.182,0,464,0.0,6.75
nining377/dolby_beta,185,4.146,4.0,5.499,0,57,2.0,5.0,1.454,1.0,0.82,1,3,1.0,1.0,7.951,1.0,49.918,0,665,0.0,6.0
microsoft/malmo,278,7.05,5.0,7.355,0,49,2.0,10.0,2.144,2.0,2.717,1,41,1.0,3.0,12.849,1.0,30.403,0,193,0.0,11.0
tencentmusic/supersonic,1136,6.282,4.0,7.315,0,59,2.0,8.0,1.29,1.0,0.626,1,4,1.0,1.0,46.084,0.0,654.959,0,18103,0.0,4.0
yhaolpz/FloatWindow,44,3.773,2.0,4.136,0,15,1.0,6.0,1.273,1.0,0.544,1,3,1.0,1.0,9.727,1.0,27.382,0,166,0.0,3.0
hugeterry/CoordinatorTabLayout,17,5.294,3.0,5.565,1,21,2.0,5.0,1.412,1.0,0.507,1,2,1.0,2.0,9.412,0.0,32.755,0,136,0.0,3.0
codingapi/tx-lcn,222,4.955,4.0,4.037,0,19,2.0,7.0,1.212,1.0,0.628,1,4,1.0,1.0,6.338,0.0,43.438,0,595,0.0,1.0
Jacksgong/JKeyboardPanelSwitch,50,5.2,3.0,5.067,0,18,1.0,9.0,1.3,1.0,0.463,1,2,1.0,2.0,7.38,0.0,13.705,0,76,0.0,13.0
zendesk/maxwell,312,6.109,4.0,7.197,0,60,2.0,8.25,1.622,1.0,0.809,1,4,1.0,2.0,32.138,0.0,157.688,0,1485,0.0,6.0
bingoogolapple/BGABanner-Android,53,5.0,3.0,6.016,0,35,2.0,5.0,1.585,2.0,0.602,1,3,1.0,2.0,26.283,1.0,155.695,0,1136,0.0,7.0
freeok/so-novel,83,5.94,5.0,5.216,0,25,2.0,9.0,1.169,1.0,0.464,1,4,1.0,1.0,2.759,0.0,4.92,0,20,0.0,3.0
oddfar/campus-imaotai,218,6.339,5.0,5.741,0,27,2.0,9.0,1.413,1.0,1.17,1,10,1.0,1.0,20.376,1.0,78.43,0,946,0.0,6.0
alibaba/fastjson2,9496,2.644,2.0,4.362,0,159,1.0,3.0,1.185,1.0,0.966,1,66,1.0,1.0,283.845,0.0,20611.396,0,1997000,0.0,1.0
pedrovgs/AndroidWiFiADB,30,2.867,2.0,3.148,0,14,1.0,4.5,1.5,1.0,1.075,1,5,1.0,1.75,12.133,0.0,23.721,0,112,0.0,15.0
dinuscxj/LoadingDrawable,65,6.508,4.0,6.555,0,31,2.0,11.0,1.446,1.0,0.531,1,3,1.0,2.0,15.831,1.0,27.992,0,149,0.0,22.0
alibaba/Tangram-Android,574,5.26,3.0,7.162,0,50,1.0,6.0,1.678,1.0,1.144,1,6,1.0,2.0,23.211,0.0,121.158,0,1540,0.0,3.0
pqpo/SmartCropper,12,6.25,3.0,7.387,1,25,2.0,6.25,1.333,1.0,0.492,1,2,1.0,2.0,122.5,0.0,408.121,0,1418,0.0,4.0
DTStack/chunjun,1916,7.14,4.0,7.419,0,56,2.0,10.0,1.565,1.0,0.813,1,12,1.0,2.0,20.836,1.0,119.802,0,4075,0.0,9.0
Manabu-GT/ExpandableTextView,15,5.133,4.0,6.034,0,24,1.0,6.0,1.733,1.0,1.1,1,5,1.0,2.0,11.8,0.0,39.398,0,154,0.0,4.0
qunarcorp/bistoury,1361,4.838,3.0,5.845,0,55,1.0,7.0,1.279,1.0,0.724,1,9,1.0,1.0,21.416,1.0,119.189,0,2079,0.0,6.0
code4craft/tiny-spring,106,3.085,2.0,3.225,0,12,1.0,5.0,1.151,1.0,0.409,1,3,1.0,1.0,2.368,0.0,6.314,0,26,0.0,1.0
rubensousa/ViewPagerCards,9,5.333,6.0,4.848,0,15,1.0,8.0,1.556,2.0,0.527,1,2,1.0,2.0,2.222,0.0,3.701,0,9,0.0,3.0
oblac/jodd,728,3.995,3.0,4.484,0,53,2.0,5.0,1.441,1.0,1.333,1,24,1.0,2.0,12.949,0.0,59.229,0,907,0.0,6.0
luckybilly/CC,120,4.967,4.0,4.738,0,27,2.0,7.0,1.258,1.0,0.558,1,5,1.0,1.0,16.317,0.0,129.759,0,1413,0.0,1.0
oldmanpushcart/greys-anatomy,240,4.067,3.0,4.319,0,29,1.0,5.0,1.154,1.0,0.546,1,4,1.0,1.0,6.771,0.0,21.887,0,177,0.0,3.0
jMonkeyEngine/jmonkeyengine,3194,6.692,4.0,8.032,0,89,2.0,9.0,1.62,1.0,1.088,1,10,1.0,2.0,53.886,0.0,384.05,0,8998,0.0,6.0
xcltapestry/XCL-Charts,327,7.74,3.0,9.806,0,60,0.0,13.0,2.177,1.0,1.554,1,5,1.0,3.0,49.043,4.0,157.798,0,2238,0.0,32.0
BoltsFramework/Bolts-Android,158,3.0,2.0,3.522,0,27,1.0,3.0,1.089,1.0,0.413,1,4,1.0,1.0,19.013,0.0,150.347,0,1425,0.0,0.0
lcodecorex/TwinklingRefreshLayout,151,4.285,2.0,4.778,0,27,1.0,6.0,1.371,1.0,0.659,1,4,1.0,2.0,36.272,0.0,214.685,0,2224,0.0,3.0
knowm/XChange,4930,5.953,4.0,6.448,0,60,2.0,7.0,1.504,1.0,0.916,1,8,1.0,2.0,25.181,0.0,729.437,0,51037,0.0,4.0
Yalantis/Phoenix,24,4.333,2.5,4.824,0,18,1.0,7.0,1.667,1.0,0.963,1,4,1.0,2.0,7.542,0.0,19.167,0,65,0.0,0.75
jbloch/effective-java-3e-source-code,202,1.129,1.0,1.08,0,5,0.0,2.0,1.188,1.0,0.657,1,5,1.0,1.0,1.327,0.0,3.479,0,28,0.0,1.0
bitcoin-wallet/bitcoin-wallet,387,7.532,4.0,9.778,0,84,2.0,9.0,1.713,1.0,1.121,1,8,1.0,2.0,5.413,0.0,21.751,0,341,0.0,3.0
makovkastar/FloatingActionButton,27,5.667,3.0,7.621,0,40,2.0,6.0,1.815,2.0,1.21,1,6,1.0,2.0,37.593,1.0,182.6,0,951,0.0,3.0
Piasy/BigImageViewer,84,4.607,3.0,4.817,0,34,2.0,6.25,1.286,1.0,0.528,1,4,1.0,2.0,12.81,1.0,61.288,0,553,0.0,4.0
torakiki/pdfsam,638,6.962,5.0,6.447,0,55,2.0,10.0,1.403,1.0,0.992,1,18,1.0,2.0,4.831,0.0,21.881,0,377,0.0,3.0
orhanobut/hawk,26,3.615,2.0,4.243,0,17,0.0,6.75,1.038,1.0,0.196,1,2,1.0,1.0,12.962,1.0,25.524,0,105,0.0,10.75
qstumn/BadgeView,35,4.343,2.0,5.352,0,26,2.0,5.0,1.314,1.0,0.583,1,3,1.0,1.5,49.886,0.0,220.939,0,1225,0.0,0.5
lilishop/lilishop,1552,7.615,5.0,8.177,0,112,2.0,11.0,1.317,1.0,0.576,1,4,1.0,2.0,13.322,0.0,92.794,0,2628,0.0,1.0
JeremyLiao/LiveEventBus,308,3.227,2.0,3.547,0,26,1.0,4.0,1.11,1.0,0.371,1,3,1.0,1.0,4.036,0.0,16.925,0,141,0.0,1.0
syncthing/syncthing-android,142,6.514,2.5,9.144,0,49,1.0,8.0,1.69,1.0,1.125,1,6,1.0,2.0,9.049,0.0,24.89,0,134,0.0,3.0
zzhoujay/RichText,132,4.273,2.0,5.842,0,33,0.0,6.0,1.447,1.0,0.85,1,5,1.0,2.0,10.545,0.0,45.942,0,348,0.0,2.25
RipMeApp/ripme,320,5.016,4.0,3.456,0,24,3.0,7.0,2.541,2.0,1.286,1,5,1.0,4.0,28.25,4.0,94.416,0,1231,0.0,26.0
awaitility/awaitility,170,3.176,1.0,4.559,0,27,1.0,4.0,1.194,1.0,0.589,1,4,1.0,1.0,18.582,0.0,123.73,0,1466,0.0,1.0
fishercoder1534/Leetcode,5143,1.552,1.0,1.956,0,9,0.0,2.0,1.0,1.0,0.02,1,2,1.0,1.0,0.288,0.0,7.393,0,526,0.0,0.0
rovo89/XposedInstaller,203,4.897,2.0,6.77,0,43,1.0,6.5,1.419,1.0,0.854,1,6,1.0,2.0,8.517,0.0,29.795,0,241,0.0,1.0
binIoter/GuideView,35,3.743,2.0,4.501,0,18,1.0,5.0,1.371,1.0,0.731,1,4,1.0,1.5,8.229,1.0,35.275,0,210,0.0,3.0
googlesamples/mlkit,191,7.67,5.0,8.214,0,51,2.0,11.0,1.534,1.0,0.671,1,4,1.0,2.0,8.115,0.0,32.984,0,376,0.0,3.0
Querz/mcaselector,531,6.847,5.0,7.048,0,64,2.0,9.0,2.437,1.0,3.08,1,31,1.0,3.0,22.179,1.0,161.636,0,3386,0.0,9.0
tronprotocol/java-tron,1652,8.861,7.0,11.164,0,189,3.0,12.0,1.759,1.0,2.019,1,64,1.0,2.0,80.76,1.0,1226.409,0,46427,0.0,6.0
JoanZapata/android-iconify,43,3.512,3.0,3.725,0,12,0.0,5.0,1.233,1.0,0.427,1,2,1.0,1.0,5.186,1.0,15.308,0,93,0.0,1.0
linyiqun/DataMiningAlgorithm,126,2.294,2.0,2.263,0,18,1.0,3.0,1.087,1.0,0.358,1,3,1.0,1.0,9.96,0.0,36.265,0,372,0.0,7.75
rengwuxian/RxJavaSamples,53,4.547,3.0,5.373,0,20,1.0,5.0,1.396,1.0,0.743,1,3,1.0,1.0,1.604,0.0,3.799,0,22,0.0,1.0
iterate-ch/cyberduck,7511,6.462,4.0,8.99,0,177,1.0,8.0,1.353,1.0,0.768,1,11,1.0,1.0,65.482,0.0,1015.041,0,58986,0.0,2.0
ageerle/ruoyi-ai,862,6.352,4.0,6.784,0,54,2.0,8.0,1.284,1.0,0.672,1,6,1.0,1.0,12.887,0.0,54.058,0,808,0.0,3.0
JFormDesigner/FlatLaf,846,3.816,2.0,5.398,0,59,1.0,4.0,3.684,2.0,4.21,1,57,1.0,5.0,64.826,3.0,358.975,0,7285,0.0,15.0
pingfangushi/screw,136,4.985,3.0,4.465,0,19,2.0,8.0,1.353,1.0,0.794,1,5,1.0,1.25,5.243,0.0,9.679,0,66,0.0,6.0
promeG/TinyPinyin,65,2.062,1.0,2.952,0,11,0.0,3.0,1.092,1.0,0.341,1,3,1.0,1.0,8.754,0.0,57.799,0,465,0.0,0.0
bluelinelabs/Conductor,86,5.477,3.0,6.202,0,34,1.0,8.0,1.349,1.0,0.665,1,4,1.0,2.0,71.337,0.0,406.339,0,3494,0.0,9.5
shuzijun/leetcode-editor,301,6.329,4.0,6.032,0,33,2.0,9.0,1.738,1.0,1.175,1,9,1.0,2.0,20.136,0.0,113.552,0,1592,0.0,6.0
databricks/learning-spark,133,2.827,2.0,3.454,0,22,1.0,4.0,1.015,1.0,0.122,1,2,1.0,1.0,1.797,0.0,12.092,0,134,0.0,0.0
sofastack/sofa-rpc,1528,5.221,3.0,5.498,0,42,1.0,7.0,1.322,1.0,0.626,1,5,1.0,2.0,24.512,0.0,128.45,0,2609,0.0,4.0
JavaNoober/BackgroundLibrary,119,4.79,4.0,4.831,0,26,1.0,6.0,1.21,1.0,0.409,1,2,1.0,1.0,34.176,0.0,222.087,0,1722,0.0,6.0
alibaba/jstorm,3956,5.545,4.0,6.568,0,157,2.0,7.0,1.551,1.0,2.01,1,67,1.0,2.0,42.374,1.0,526.013,0,24428,0.0,5.0
Exrick/xboot,349,7.415,6.0,6.822,0,38,2.0,11.0,1.212,1.0,0.532,1,4,1.0,1.0,2.656,0.0,9.35,0,105,0.0,1.0
VaughnVernon/IDDD_Samples,651,4.737,3.0,5.573,0,39,1.0,6.0,1.664,1.0,1.074,1,12,1.0,2.0,27.327,5.0,93.391,0,1647,0.0,15.0
amirzaidi/Launcher3,990,7.24,3.0,10.899,0,150,1.0,9.0,1.475,1.0,0.864,1,8,1.0,2.0,63.681,0.0,728.693,0,16414,0.0,4.0
M66B/FairEmail,4247,4.727,2.0,7.895,0,142,1.0,5.0,1.271,1.0,0.795,1,16,1.0,1.0,33.456,0.0,506.1,0,24938,0.0,1.0
vipulasri/Timeline-View,2,9.0,9.0,8.485,3,15,6.0,12.0,1.5,1.5,0.707,1,2,1.25,1.75,453.5,453.5,639.932,1,906,227.25,679.75
wendux/DSBridge-Android,47,2.979,2.0,3.898,0,23,1.0,3.0,1.106,1.0,0.312,1,2,1.0,1.0,15.979,0.0,72.19,0,406,0.0,1.0
uber/NullAway,579,4.556,2.0,8.769,0,113,1.0,5.0,1.221,1.0,0.509,1,5,1.0,1.0,52.057,0.0,330.676,0,5253,0.0,3.5
google/bundletool,873,9.7,7.0,8.879,0,75,4.0,13.0,1.268,1.0,1.197,1,29,1.0,1.0,82.604,6.0,523.786,0,9591,0.0,28.0
Helium314/HeliBoard,237,6.667,4.0,8.919,0,73,2.0,8.0,1.468,1.0,0.918,1,7,1.0,2.0,71.059,2.0,261.871,0,2491,0.0,21.0
aurelhubert/ahbottomnavigation,46,5.109,2.0,7.54,0,42,2.0,5.0,1.174,1.0,0.383,1,2,1.0,1.0,57.478,0.0,313.31,0,2115,0.0,2.75
MiguelCatalan/MaterialSearchView,41,4.049,2.0,6.281,0,35,0.0,5.0,1.317,1.0,0.521,1,3,1.0,2.0,22.659,1.0,132.522,0,850,0.0,2.0
react-native-share/react-native-share,41,5.585,3.0,4.919,0,22,3.0,9.0,2.073,2.0,0.905,1,3,1.0,3.0,8.61,8.0,11.371,0,64,0.0,10.0
jishenghua/jshERP,360,5.825,3.0,9.91,0,61,1.0,3.0,1.328,1.0,0.542,1,4,1.0,2.0,1674.7,13.0,8186.782,0,90058,0.0,55.0
yanzhenjie/AndServer,214,5.023,3.0,6.298,0,52,1.0,6.0,1.542,1.0,1.193,1,5,1.0,1.0,48.051,1.0,244.822,0,2850,0.0,10.0
ZHENFENG13/My-Blog,58,4.759,3.0,5.799,0,25,1.0,6.75,1.052,1.0,0.394,1,4,1.0,1.0,29.552,5.0,62.485,0,322,0.0,24.0
uknownothingsnow/CircleProgress,25,5.76,6.0,4.216,0,13,2.0,8.0,1.68,2.0,0.69,1,4,1.0,2.0,85.76,1.0,244.341,0,1007,0.0,6.0
Dimezis/BlurView,30,5.9,3.5,5.683,1,20,2.0,8.75,1.5,1.0,0.731,1,3,1.0,2.0,7.0,1.0,14.203,0,70,0.0,9.0
gh0stkey/HaE,67,4.149,1.0,4.613,0,16,1.0,7.0,1.657,1.0,1.553,1,6,1.0,1.0,11.91,0.0,37.964,0,287,0.0,7.0
shopizer-ecommerce/shopizer,1233,7.937,4.0,9.724,0,92,1.0,12.0,1.683,1.0,0.98,1,6,1.0,2.0,34.145,2.0,130.939,0,2617,0.0,15.0
sunfusheng/MarqueeView,22,5.409,4.0,4.886,0,16,1.0,8.75,1.364,1.0,0.492,1,2,1.0,2.0,5.455,0.0,12.086,0,45,0.0,3.0
fesh0r/fernflower,698,4.421,1.0,7.851,0,79,0.0,5.0,1.228,1.0,0.626,1,8,1.0,1.0,37.566,0.0,507.356,0,13203,0.0,3.0
mpusher/mpush,398,4.731,3.0,5.323,0,36,1.0,6.0,1.344,1.0,0.695,1,4,1.0,1.0,24.565,1.0,171.614,0,3219,0.0,6.75
watabou/pixel-dungeon,839,5.723,4.0,7.323,0,95,2.0,8.0,2.545,2.0,1.652,1,13,1.0,3.0,12.423,1.0,61.688,0,1012,0.0,3.0
mcxtzhang/SwipeDelMenuLayout,40,3.1,2.0,3.342,0,16,1.0,3.25,1.25,1.0,0.439,1,2,1.0,1.25,5.2,0.0,28.599,0,180,0.0,0.0
lygttpod/SuperTextView,86,3.047,2.0,5.847,0,43,1.0,2.0,1.163,1.0,0.402,1,3,1.0,1.0,141.674,0.0,1033.994,0,9393,0.0,0.0
CameraKit/blurkit-android,10,6.1,5.0,5.646,0,19,1.75,8.5,1.5,1.0,0.707,1,3,1.0,2.0,30.3,0.0,90.003,0,286,0.0,0.0
MovingBlocks/Terasology,2810,6.099,4.0,7.791,0,78,2.0,8.0,1.445,1.0,0.858,1,14,1.0,2.0,25.027,0.0,170.935,0,5539,0.0,6.0
Ereza/CustomActivityOnCrash,15,5.4,4.0,4.763,0,16,2.0,7.0,1.333,1.0,0.488,1,2,1.0,2.0,32.333,0.0,80.059,0,252,0.0,5.0
roboguice/roboguice,3335,4.5,3.0,6.404,0,73,1.0,5.0,1.223,1.0,1.022,1,41,1.0,1.0,7.128,0.0,70.398,0,3207,0.0,0.0
AsamK/signal-cli,491,6.976,4.0,11.587,0,113,1.0,8.5,1.576,1.0,2.142,1,43,1.0,2.0,48.301,0.0,382.445,0,7253,0.0,6.0
timehop/sticky-headers-recyclerview,29,4.621,2.0,4.946,0,17,1.0,7.0,1.276,1.0,0.528,1,3,1.0,1.0,3.241,0.0,6.68,0,31,0.0,3.0
zhpanvip/BannerViewPager,73,5.411,3.0,7.199,0,46,1.0,8.0,1.411,1.0,0.723,1,4,1.0,2.0,47.822,0.0,227.591,0,1495,0.0,6.0
sofastack/sofa-jraft,1438,6.228,3.0,8.565,0,129,2.0,8.0,1.464,1.0,1.089,1,18,1.0,2.0,76.505,1.0,318.96,0,7221,0.0,10.0
andOTP/andOTP,166,6.108,3.0,8.454,0,55,1.0,8.0,1.5,1.0,0.983,1,6,1.0,2.0,41.416,0.0,339.33,0,4273,0.0,3.75
RoaringBitmap/RoaringBitmap,638,5.586,5.0,4.822,0,33,2.0,7.75,1.139,1.0,0.466,1,7,1.0,1.0,259.594,0.0,1873.912,0,31878,0.0,10.0
spotbugs/spotbugs,5270,4.083,2.0,7.737,0,193,1.0,4.0,1.369,1.0,0.869,1,15,1.0,2.0,25.773,0.0,367.569,0,19493,0.0,3.0
JCTools/JCTools,788,4.602,3.0,5.363,0,93,2.0,6.0,3.909,2.5,3.362,1,18,1.0,6.0,19.966,0.0,82.093,0,1102,0.0,3.0
ethanhua/Skeleton,33,3.727,3.0,3.403,0,13,2.0,4.0,1.242,1.0,0.502,1,3,1.0,1.0,4.606,0.0,14.506,0,65,0.0,1.0
Atmosphere/atmosphere,741,5.497,3.0,6.645,0,86,1.0,7.0,1.308,1.0,0.809,1,9,1.0,1.0,55.026,1.0,591.174,0,14605,0.0,6.0
willowtreeapps/spruce-android,122,4.861,3.0,6.095,0,44,1.0,7.0,1.369,1.0,0.752,1,5,1.0,1.75,5.352,0.0,30.992,0,336,0.0,1.0
ByteLegend/ByteLegend,295,6.98,7.0,2.816,0,18,7.0,8.0,1.003,1.0,0.058,1,2,1.0,1.0,727.844,20.0,2317.183,0,13027,0.0,553.0
stfalcon-studio/ChatKit,108,5.769,3.0,6.546,0,34,1.0,9.25,2.898,2.0,4.832,1,47,1.0,3.0,35.481,0.0,135.543,0,937,0.0,9.0
nICEnnnnnnnLee/BilibiliDown,262,4.206,2.0,4.249,0,18,1.0,6.0,1.721,1.0,1.354,1,7,1.0,2.0,42.019,1.0,307.271,0,4356,0.0,13.0
javahuang/SurveyKing,400,5.175,3.0,8.654,0,77,1.0,5.0,1.23,1.0,0.541,1,4,1.0,1.0,7.825,0.0,38.635,0,430,0.0,0.0
ryanhoo/StylishMusicPlayer,194,5.026,3.0,5.792,0,35,2.0,6.0,1.309,1.0,0.65,1,4,1.0,1.0,13.216,0.0,40.407,0,364,0.0,6.0
liuyubobobo/Play-with-Algorithms,133,2.895,2.0,2.41,0,11,1.0,3.0,1.008,1.0,0.087,1,2,1.0,1.0,5.203,0.0,20.64,0,233,0.0,6.0
rbmonster/learning-note,658,2.195,2.0,2.412,0,23,1.0,3.0,1.173,1.0,0.547,1,4,1.0,1.0,2.894,0.0,21.75,0,464,0.0,1.0
yanzhenjie/NoHttp,228,4.456,3.0,4.741,0,27,1.0,6.0,1.5,1.0,0.805,1,4,1.0,2.0,45.649,1.0,302.143,0,4050,0.0,6.0
undertow-io/undertow,3103,5.204,3.0,6.364,0,63,2.0,6.0,1.242,1.0,0.717,1,16,1.0,1.0,36.599,0.0,501.717,0,20305,0.0,3.0
jtablesaw/tablesaw,765,6.271,4.0,6.691,0,48,2.0,8.0,1.285,1.0,0.601,1,6,1.0,1.0,108.529,1.0,478.854,0,6739,0.0,10.0
Creators-of-Create/Create,2532,10.753,8.0,10.222,0,213,5.0,14.0,1.809,2.0,1.177,1,37,1.0,2.0,27.797,3.0,109.732,0,3096,0.0,15.0
lihangleo2/ShadowLayout,65,4.0,2.0,5.559,0,34,1.0,5.0,1.138,1.0,0.348,1,2,1.0,1.0,21.615,0.0,103.069,0,657,0.0,3.0
yacy/yacy_search_server,1434,5.556,4.0,6.609,0,84,1.0,7.0,1.386,1.0,0.784,1,10,1.0,2.0,43.16,0.0,231.98,0,3620,0.0,10.0
yangfuhai/ASimpleCache,29,4.448,2.0,5.248,0,22,0.0,8.0,1.448,1.0,0.632,1,3,1.0,2.0,38.517,0.0,109.503,0,436,0.0,0.0
dingjikerbo/Android-BluetoothKit,241,4.075,2.0,5.432,0,42,1.0,5.0,1.241,1.0,0.508,1,3,1.0,1.0,18.701,0.0,75.066,0,785,0.0,4.0
networknt/light-4j,1235,4.572,3.0,5.232,0,54,1.0,6.0,1.171,1.0,0.567,1,7,1.0,1.0,23.314,0.0,121.851,0,2553,0.0,6.5
grpc-ecosystem/grpc-spring,418,6.605,6.0,5.249,0,33,3.0,9.0,1.478,1.0,1.147,1,17,1.0,2.0,5.368,0.0,24.049,0,270,0.0,1.0
lisawray/groupie,93,5.097,3.0,5.407,0,41,2.0,7.0,1.828,1.0,1.007,1,5,1.0,2.0,29.903,0.0,141.478,0,1097,0.0,3.0
google/rejoiner,131,6.618,5.0,6.22,0,44,3.0,8.0,1.573,1.0,1.045,1,8,1.0,2.0,4.924,0.0,14.935,0,142,0.0,3.0
linkedin/databus,1516,5.528,3.0,8.027,0,78,1.0,7.0,1.357,1.0,0.798,1,15,1.0,1.0,46.735,0.0,228.178,0,4727,0.0,11.0
coderbruis/JavaSourceCodeLearning,317,2.855,2.0,2.962,0,23,1.0,4.0,1.259,1.0,0.473,1,3,1.0,1.0,3.139,0.0,9.482,0,84,0.0,1.0
KunMinX/Linkage-RecyclerView,75,6.4,5.0,6.301,0,31,2.0,10.5,1.547,1.0,0.722,1,3,1.0,2.0,10.387,1.0,24.499,0,172,0.0,13.0
tchiotludo/akhq,305,8.203,6.0,7.888,0,58,3.0,11.0,1.292,1.0,0.529,1,4,1.0,2.0,29.01,0.0,147.832,0,1365,0.0,1.0
PlexPt/chatgpt-java,69,5.275,3.0,6.444,0,40,2.0,7.0,1.275,1.0,0.725,1,4,1.0,1.0,14.594,0.0,57.795,0,360,0.0,0.0
litesuits/android-common,85,3.518,2.0,3.578,0,16,1.0,5.0,1.247,1.0,0.596,1,4,1.0,1.0,124.353,1.0,700.444,0,5063,0.0,15.0
FasterXML/jackson-databind,5236,3.773,2.0,5.578,0,108,1.0,5.0,1.71,1.0,1.785,1,45,1.0,2.0,24.21,0.0,422.143,0,26577,0.0,1.0
huburt-Hu/NewbieGuide,78,4.308,3.0,4.562,0,24,2.0,5.0,1.179,1.0,0.419,1,3,1.0,1.0,10.436,0.0,65.121,0,570,0.0,1.0
uncle-novel/uncle-novel,269,7.29,5.0,8.771,0,57,2.0,9.0,1.658,1.0,0.848,1,5,1.0,2.0,10.416,0.0,35.716,0,334,0.0,5.0
blossom-editor/blossom,435,5.724,3.0,6.506,0,45,1.5,7.0,1.345,1.0,0.672,1,5,1.0,2.0,6.977,0.0,26.82,0,331,0.0,3.0
rockerhieu/emojicon,39,5.154,4.0,5.239,0,22,1.0,6.0,1.564,1.0,0.788,1,4,1.0,2.0,6.769,0.0,12.985,0,54,0.0,8.0
alibaba/Alink,8181,6.438,5.0,6.236,0,61,2.0,8.0,1.627,1.0,1.0,1,18,1.0,2.0,34.703,0.0,236.706,0,8073,0.0,3.0
Mojang/brigadier,85,6.635,5.0,5.438,0,29,3.0,9.0,1.153,1.0,0.394,1,3,1.0,1.0,44.553,0.0,231.113,0,2080,0.0,15.0
spring-io/initializr,738,5.908,4.0,6.0,0,46,2.0,8.0,1.267,1.0,0.626,1,5,1.0,1.0,33.733,1.0,172.493,0,3321,0.0,10.0
mbechler/marshalsec,72,7.292,6.0,5.64,0,23,3.0,10.0,1.819,1.0,1.025,1,5,1.0,3.0,14.583,1.0,39.035,0,210,0.0,7.0
tyrantgit/ExplosionField,10,4.9,2.0,4.932,0,14,1.25,8.0,1.5,1.5,0.527,1,2,1.0,2.0,4.3,0.0,10.393,0,33,0.0,1.5
kikoso/android-stackblur,41,1.756,0.0,3.727,0,20,0.0,2.0,1.098,1.0,0.49,1,4,1.0,1.0,0.585,0.0,1.897,0,11,0.0,0.0
vert-x3/vertx-examples,451,5.339,5.0,2.655,0,17,4.0,7.0,1.823,2.0,0.52,1,3,2.0,2.0,1.018,1.0,2.501,0,35,0.0,1.0
dongjunkun/DropDownMenu,19,4.526,3.0,3.657,1,14,2.0,5.5,1.368,1.0,0.496,1,2,1.0,2.0,2.158,0.0,4.246,0,13,0.0,0.5
WVector/AppUpdate,64,4.438,3.0,6.013,0,31,1.0,4.0,1.156,1.0,0.407,1,3,1.0,1.0,37.141,1.0,112.163,0,545,0.0,10.0
hmkcode/Android,56,4.696,4.5,3.458,0,13,2.0,7.0,1.661,2.0,0.581,1,3,1.0,2.0,2.143,1.0,3.942,0,22,0.0,3.0
googlemaps/android-maps-utils,219,7.123,5.0,7.159,0,49,3.0,9.5,1.676,1.0,0.934,1,6,1.0,2.0,37.74,1.0,147.685,0,1738,0.0,10.5
OpenHFT/Chronicle-Queue,499,5.495,4.0,6.249,0,53,1.0,8.0,1.591,1.0,0.858,1,8,1.0,2.0,177.401,0.0,2216.009,0,34716,0.0,4.0
IrisShaders/Iris,912,6.251,4.0,7.075,0,92,2.0,8.0,1.316,1.0,0.872,1,14,1.0,1.0,22.638,0.0,153.689,0,2737,0.0,4.25
JakeWharton/ThreeTenABP,7,4.286,4.0,1.799,2,7,3.0,5.5,1.429,1.0,0.535,1,2,1.0,2.0,1.429,0.0,2.299,0,6,0.0,2.0
davideas/FlexibleAdapter,326,6.025,4.0,7.618,0,74,1.0,8.0,2.113,1.0,1.641,1,8,1.0,3.0,102.31,1.0,1467.202,0,26488,0.0,10.0
DataLinkDC/dinky,1333,7.131,5.0,8.088,0,76,2.0,9.0,1.356,1.0,0.711,1,5,1.0,1.0,25.929,0.0,111.5,0,1711,0.0,6.0
code4craft/netty-learning,1164,5.064,4.0,4.803,0,31,2.0,7.0,1.65,1.0,1.126,1,14,1.0,2.0,39.249,1.0,377.979,0,8875,0.0,6.0
dropbox/hackpad,619,5.089,3.0,7.137,0,76,1.0,6.0,1.806,1.0,1.361,1,11,1.0,2.0,152.299,1.0,963.645,0,19840,0.0,31.0
bilibili/MagicaSakura,84,8.298,7.5,7.292,0,40,2.0,12.0,1.679,2.0,1.194,1,11,1.0,2.0,25.44,3.0,73.533,0,543,1.0,16.5
HelloWorld521/Java,124,3.806,2.0,4.102,0,22,1.0,6.0,1.419,1.0,0.847,1,5,1.0,1.0,5.097,1.0,13.849,0,104,0.0,3.0
johncarl81/parceler,440,4.693,3.0,7.076,0,95,2.0,5.0,1.35,1.0,1.321,1,23,1.0,1.0,16.589,0.0,219.619,0,4464,0.0,1.0
anggrayudi/android-hidden-api,4,8.0,7.5,5.477,2,15,5.0,10.5,1.0,1.0,0.0,1,1,1.0,1.0,56.5,0.5,112.334,0,225,0.0,57.0
fyhertz/libstreaming,89,3.573,2.0,4.56,0,25,1.0,5.0,1.416,1.0,0.864,1,5,1.0,1.0,23.292,0.0,66.564,0,429,0.0,10.0
arimorty/floatingsearchview,135,3.57,2.0,7.119,0,68,1.0,3.0,1.178,1.0,0.471,1,3,1.0,1.0,26.281,0.0,242.919,0,2796,0.0,1.0
LinShunKang/MyPerf4J,306,4.101,3.0,4.463,0,44,2.0,6.0,1.173,1.0,0.379,1,2,1.0,1.0,10.611,1.0,40.44,0,441,0.0,3.0
luontola/retrolambda,240,2.475,1.0,5.254,0,51,0.0,3.0,1.412,1.0,0.924,1,7,1.0,2.0,9.004,0.0,43.567,0,406,0.0,1.0
andremion/Music-Player,32,4.406,3.5,3.68,0,12,1.0,6.0,1.75,2.0,0.803,1,4,1.0,2.0,5.031,0.5,9.767,0,37,0.0,6.5
Netflix/maestro,1028,8.384,6.0,8.115,0,54,3.0,12.0,1.62,1.0,0.893,1,6,1.0,2.0,28.879,0.0,383.647,0,11921,0.0,3.0
immutables/immutables,2736,4.678,3.0,5.088,0,70,2.0,6.0,1.283,1.0,1.139,1,21,1.0,1.0,30.607,0.0,559.029,0,20012,0.0,2.0
dariuszseweryn/RxAndroidBle,477,5.373,3.0,6.466,0,42,1.0,6.0,1.314,1.0,0.901,1,6,1.0,1.0,53.482,0.0,620.628,0,12209,0.0,3.0
lsjwzh/RecyclerViewPager,71,4.31,2.0,4.278,0,19,1.5,7.0,1.493,1.0,0.715,1,4,1.0,2.0,9.972,0.0,59.924,0,500,0.0,1.0
nytimes/Store,290,6.2,5.0,4.984,0,35,3.0,8.75,1.562,1.0,3.139,1,52,1.0,1.0,17.055,1.0,124.666,0,2053,0.0,5.0
cSploit/android,512,4.209,2.0,5.762,0,59,1.0,5.0,1.518,1.0,1.041,1,9,1.0,2.0,15.652,0.0,173.806,0,3766,0.0,1.0
baoyongzhang/SwipeMenuListView,33,4.394,2.0,4.834,0,16,1.0,6.0,1.455,1.0,0.754,1,4,1.0,2.0,15.242,1.0,40.261,0,158,0.0,4.0
codeestX/GeekNews,439,4.626,2.0,5.223,0,33,2.0,6.0,1.446,1.0,0.917,1,5,1.0,2.0,10.009,0.0,37.65,0,537,0.0,3.0
lenve/JavaEETest,154,3.519,3.0,3.396,0,20,1.0,4.75,1.097,1.0,0.357,1,3,1.0,1.0,3.266,0.0,9.689,0,77,0.0,2.0
KingJA/LoadSir,74,5.189,3.0,4.353,0,18,2.0,8.0,1.554,1.5,0.6,1,3,1.0,2.0,4.014,0.0,11.99,0,91,0.0,1.75
AxonFramework/AxonFramework,3828,6.472,5.0,6.887,0,85,2.0,9.0,1.284,1.0,0.782,1,16,1.0,1.0,16.119,0.0,101.429,0,2926,0.0,4.0
ittianyu/BottomNavigationViewEx,29,4.897,3.0,5.122,0,23,2.0,7.0,1.586,1.0,0.733,1,3,1.0,2.0,50.138,0.0,185.897,0,741,0.0,0.0
freeplane/freeplane,3560,4.548,3.0,6.396,0,93,1.0,6.0,1.565,1.0,1.29,1,19,1.0,2.0,48.397,0.0,532.416,0,20297,0.0,6.0
RikkaApps/Sui,89,4.933,3.0,5.724,0,31,1.0,7.0,1.18,1.0,0.415,1,3,1.0,1.0,14.551,1.0,66.219,0,435,0.0,3.0
phodal/migration,12,1.417,1.0,0.669,1,3,1.0,2.0,1.0,1.0,0.0,1,1,1.0,1.0,0.083,0.0,0.289,0,1,0.0,0.0
eclipse-openj9/openj9,7204,3.354,2.0,5.084,0,101,0.0,4.0,1.536,1.0,1.381,1,48,1.0,2.0,110.977,0.0,2142.747,0,112810,0.0,6.0
Netflix/concurrency-limits,128,4.609,3.0,4.598,0,22,2.0,7.0,1.281,1.0,0.709,1,5,1.0,1.0,8.281,1.0,21.318,0,188,0.0,6.25
rubensousa/PreviewSeekBar,23,5.652,2.0,6.343,0,20,1.0,10.0,1.174,1.0,0.388,1,2,1.0,1.0,28.174,1.0,64.217,0,238,0.0,8.5
Grt1228/chatgpt-java,201,6.741,4.0,9.417,0,86,2.0,8.0,1.1,1.0,0.361,1,4,1.0,1.0,11.93,0.0,137.903,0,1953,0.0,0.0
ferredoxin/QNotified,511,6.006,4.0,6.217,0,37,2.0,8.0,1.63,1.0,1.22,1,7,1.0,2.0,47.767,0.0,505.761,0,11147,0.0,6.0
apache/fory,1443,5.304,3.0,7.615,0,125,1.0,7.0,2.198,1.0,4.302,1,90,1.0,2.0,38.443,0.0,258.741,0,5253,0.0,4.0
alamkanak/Android-Week-View,27,3.63,2.0,7.201,0,36,0.0,3.0,1.259,1.0,0.594,1,3,1.0,1.0,238.333,0.0,1189.258,0,6187,0.0,2.0
loks666/get_jobs,52,4.481,3.0,4.245,0,16,2.0,5.0,1.0,1.0,0.0,1,1,1.0,1.0,30.423,0.0,129.802,0,762,0.0,3.0
crossoverJie/SSM,218,3.188,2.0,3.973,0,24,1.0,4.0,1.151,1.0,0.359,1,2,1.0,1.0,110.803,2.0,431.315,0,2586,0.0,20.0
rom1v/sndcpy,4,7.75,4.5,8.261,2,20,3.5,8.75,2.0,2.0,0.816,1,3,1.75,2.25,20.25,0.0,40.5,0,81,0.0,20.25
sherxon/AlgoDS,710,1.338,1.0,0.832,0,4,1.0,2.0,1.004,1.0,0.065,1,2,1.0,1.0,1.411,0.0,4.1,0,68,0.0,1.0
guolindev/giffun,478,5.383,3.0,6.834,0,73,2.0,7.0,1.278,1.0,0.664,1,6,1.0,1.0,25.339,1.0,126.866,0,1382,0.0,4.0
xcc3641/SeeWeather,106,4.925,3.0,5.804,0,28,1.0,6.0,1.538,1.0,1.197,1,10,1.0,2.0,6.123,1.0,14.984,0,105,0.0,4.0
WinterChenS/my-site,90,6.189,3.0,7.976,0,36,1.0,8.0,1.189,1.0,0.495,1,4,1.0,1.0,35.022,0.0,169.598,0,1306,0.0,9.0
woxingxiao/BubbleSeekBar,30,4.9,2.0,6.885,0,33,1.0,5.75,1.3,1.0,0.535,1,3,1.0,1.75,91.7,1.0,427.334,0,2325,0.0,3.0
GitLqr/LQRWeChat,386,5.005,2.0,7.782,0,69,1.0,6.0,1.417,1.0,0.776,1,4,1.0,2.0,18.935,1.0,74.028,0,971,0.0,8.0
getActivity/Toaster,36,4.528,3.0,4.424,0,21,2.0,5.25,1.333,1.0,0.676,1,4,1.0,1.25,38.806,0.5,107.001,0,607,0.0,28.5
google/volley,231,5.19,2.0,5.97,0,27,1.0,8.0,1.697,1.0,2.247,1,31,1.0,2.0,12.286,0.0,80.619,0,1159,0.0,3.0
